SN,News Paper Name,Date,Poll,Total voter,Yes(percent),No(percent),No comment(percent)
1,Prothomalo,21 July 2023,নাগরিকদের তথ্য ফাঁস ঠেকাতে এখন দেশের সব সরকারি ওয়েবসাইটের নিরাপত্তাব্যবস্থা পর্যালোচনা করা উচিত—তথ্যপ্রযুক্তিবিষয়ক আইনের শিক্ষক মুহাম্মদ এরশাদুল করিমের এ বক্তব্যের সঙ্গে আপনি কি একমত?,,97,2,1
2,Prothomalo,20 July 2023,"ডেঙ্গু নিয়ন্ত্রণে ঢাকার দুই সিটি করপোরেশন যে তৎপরতা চালাচ্ছে, তা যথেষ্ট বলে কি আপনি মনে করেন?",,2,97,1
3,Prothomalo,19 July 2023,জাতীয় নির্বাচনের কারণে শিক্ষাবর্ষের কার্যক্রম নভেম্বরের মধ্যে শেষ করতে শিক্ষাপ্রতিষ্ঠানে গ্রীষ্মকালীন ছুটি বাতিল করেছে সরকার। আপনি কি তা সমর্থন করেন?,,33,66,1
4,Prothomalo,18 July 2023,ঢাকা–১৭ আসনের উপনির্বাচনের স্বতন্ত্র প্রার্থী আশরাফুল হোসেন ওরফে হিরো আলমের ওপর হামলায় জড়িত ব্যক্তিদের বিচার হবে বলে কি আপনি মনে করেন?,,6,93,1
5,Prothomalo,17 July 2023,জাতীয় নির্বাচনের মাত্র কয়েক মাস আগে ঢাকা-১৭ আসনের উপনির্বাচন হওয়ায় এখানে ভোটার উপস্থিতি কম বলে মনে করছেন আওয়ামী লীগের প্রার্থী মোহাম্মদ আলী আরাফাত। আপনি কি তা মনে করেন?,,10,89,1
6,Prothomalo,16 July 2023,অচেনা দুটি দলকে নিবন্ধন দেওয়ার সিদ্ধান্তে নির্বাচন কমিশনের প্রতি জনগণের আস্থা কমবে—সুজন সম্পাদক বদিউল আলম মজুমদারের এ বক্তব্যের সঙ্গে আপনি কি একমত?,,92,7,1
7,Prothomalo,15 July 2023,গরিব তাড়িয়ে বড়লোকদের আরও বড়লোক বানিয়েছে রাজউক—পরিকল্পনামন্ত্রীর এ বক্তব্যের সঙ্গে আপনি কি একমত?,,98,1,1
8,Prothomalo,14 July 2023,কর্ণফুলী টানেল পার হতে গাড়িভেদে সর্বনিম্ন ২০০ টাকা টোল যৌক্তিক বলে মনে করেন কি?,,46,51,3
9,Prothomalo,13 July 2023,ডেঙ্গুকে বড় আকারের সমস্যা হিসেবে দেখা হচ্ছে না বলে এটা নিয়ন্ত্রণে আসছে না—স্বাস্থ্য অধিদপ্তরের রোগনিয়ন্ত্রণ শাখার সাবেক পরিচালক অধ্যাপক বে-নজীর আহমেদের এ বক্তব্যের সঙ্গে আপনি কি একমত?,,97,2,1
10,Prothomalo,12 July 2023,"কাঁচা মরিচের অস্বাভাবিক দাম নিয়ে সমালোচনার মধ্যে বাণিজ্যমন্ত্রী টিপু মুনশি বলেছেন, ‘ঝড়-বৃষ্টিতে যদি কাঁচা মরিচ পচে যায়, তাহলে আমি কী করব?’ তাঁর এই বক্তব্য কি যৌক্তিক বলে আপনি মনে করেন?",,7,91,2
11,Prothomalo,11 July 2023,ভারতের সঙ্গে দ্বিপক্ষীয় বাণিজ্যে ডলারের পাশাপাশি রুপিতেও লেনদেন চালু হয়েছে—এটা ফলপ্রসূ হবে বলে আপনি কি মনে করেন?,,34,62,4
12,Prothomalo,10 July 2023,"বিদেশিরা যদি নির্বাচন পর্যবেক্ষণে না-ও আসেন, সেটি দেশের ক্ষতির কারণ হবে না –পররাষ্ট্রমন্ত্রী এ কে আব্দুল মোমেনের এই বক্তব্যের সঙ্গে আপনি কি একমত?",,13,86,1
13,Prothomalo,9 July 2023,"ওয়েবসাইটের দুর্বলতার কারণে নাগরিকদের তথ্য ফাঁস হয়েছে, এখানে দায় এড়ানোর সুযোগ নেই—তথ্য ও যোগাযোগ প্রযুক্তি প্রতিমন্ত্রী জুনাইদ আহমেদের এই বক্তব্যে আপনি কি সন্তুষ্ট?",,69,30,1
14,Prothomalo,8 July 2023,সিটি করপোরেশন ও সংশ্লিষ্ট সংস্থাগুলোর সমন্বয়হীনতা ও পূর্বপ্রস্তুতির ঘাটতির কারণে ডেঙ্গু পরিস্থিতি মারাত্মক রূপ নিয়েছে—টিআইবির এই বক্তব্যের সঙ্গে আপনি কি একমত?,,97,2,1
15,Prothomalo,7 July 2023,"ঈদুল আজহার ছুটির পর স্কুল–কলেজ খোলার আগে খেলার মাঠ, ভবন পরিষ্কারসহ ডেঙ্গুর জীবাণুবাহী এডিস মশার প্রজননস্থল ধ্বংস করতে বলেছে মাধ্যমিক ও উচ্চশিক্ষা অধিদপ্তর। শিক্ষাপ্রতিষ্ঠানগুলো তা করবে বলে আপনি কি মনে করেন?",,7,92,1
16,Prothomalo,6 July 2023,আন্তর্জাতিক ক্রিকেট থেকে তামিম ইকবালের অবসরের ঘোষণা ঠিক হয়েছে বলে আপনি কি মনে করেন?,,34,64,2
17,Prothomalo,5 July 2023,"ডেঙ্গু নিয়ন্ত্রণে শুধু সিটি করপোরেশন নয়, সরকারকেই মূল উদ্যোগ নিতে হবে—আইইডিসিআরের উপদেষ্টা মুশতাক হোসেনের এ বক্তব্যের সঙ্গে আপনি কি একমত?",,95,4,1
18,Prothomalo,4 July 2023,এ দেশে এখনো যেকোনো উৎসব ও ছুটি পুরুষের জন্য উপভোগ্য হলেও নারীর জন্য কাজের বোঝা—বাংলাদেশ মহিলা পরিষদের সভাপতি ফওজিয়া মোসলেমের এই বক্তব্যের সঙ্গে আপনি কি একমত?,,38,61,1
19,Prothomalo,3 July 2023,নির্বাচন এখন নির্বাচন কমিশনের হাত থেকে আইনশৃঙ্খলা রক্ষাকারী বাহিনীর নিয়ন্ত্রণে চলে গেছে।—সুশাসনের জন্য নাগরিক (সুজন) সম্পাদক বদিউল আলম মজুমদারের এই বক্তব্যের সঙ্গে কি আপনি একমত?,,92,7,1
20,Prothomalo,2 July 2023,ব্যয় সংকোচনে সরকারি দপ্তরে নতুন সব ধরনের যানবাহন কেনাকাটা বন্ধ করেছে সরকার। আপনি কি তা সমর্থন করেন?,,95,4,1
21,Prothomalo,1 July 2023,কাঁচা মরিচের দাম নিয়ন্ত্রণে সরকার কার্যকর পদক্ষেপ গ্রহণ করবে বলে মনে করেন কি?,,14,84,2
22,Prothomalo,27 June 2023,দেশে কর্মস্থলে নির্মাণশ্রমিকদের মৃত্যু ঠেকাতে বিশেষ উদ্যোগ নেওয়া হবে বলে মনে করেন কি?,,6,93,1
23,Prothomalo,26 June 2023,ঢাকায় ডেঙ্গুর জীবাণুবাহী এডিস মশা নিয়ন্ত্রণে এখনই বিশেষ পদক্ষেপ নেওয়া উচিত বলে আপনি মনে করেন কি?,,96,3,1
24,Prothomalo,25 June 2023,অস্বাভাবিক মূল্যবৃদ্ধির প্রেক্ষাপটে সরকার ভারত থেকে কাঁচা মরিচ আমদানির অনুমতি দিয়েছে। এতে মরিচের দাম কমবে বলে কি আপনি মনে করেন?,,82,16,2
25,Prothomalo,24 June 2023,দেশে অবৈধ মুঠোফোন বন্ধে কার্যকর উদ্যোগ নেওয়া হবে বলে মনে করেন কি?,,6,92,2
26,Prothomalo,23 June 2023,টিসিবির পণ্য বিক্রিতে অসংগতি দূর করতে এক কোটি উপকারভোগীকে স্মার্ট কার্ড দিচ্ছে সরকার। এতে সুফল পাওয়া যাবে বলে আপনি মনে করেন কি?,,16,82,2
27,Prothomalo,22 June 2023,ঢাকায় অবকাঠামো তৈরিতে বিনিয়োগ করা হলেও এই শহরকে বাসযোগ্য করায় গুরুত্ব দেওয়া হয়নি—নগর পরিকল্পনাবিদ আদিল মুহাম্মদ খানের এই বক্তব্যের সঙ্গে আপনি কি একমত?,,98,2,0
28,Prothomalo,21 June 2023,দুর্ঘটনার জন্য মোটরসাইকেল বন্ধ না করে এ বিষয়ে নজরদারি বাড়ানোর দাবি জানিয়েছেন সংশ্লিষ্ট ব্যক্তিরা। আপনি কি তাঁদের সঙ্গে একমত?,,87,12,1
29,Prothomalo,20 June 2023,আগামী জুন মাসের মধ্যে ঋণের কিস্তির অর্ধেক টাকা জমা দিলেই একজন গ্রাহককে খেলাপি হিসেবে চিহ্নিত করা যাবে না—বাংলাদেশ ব্যাংকের এই সিদ্ধান্ত যৌক্তিক বলে কি আপনি মনে করেন?,,11,88,1
30,Prothomalo,19 June 2023,ঢাকা উত্তর সিটি করপোরেশনের ৮টি কোরবানির পশুর হাটে ডিজিটাল পদ্ধতিতে লেনদেনের ব্যবস্থা করা হয়েছে। অন্যান্য জায়গায়ও এটা করা উচিত বলে কি আপনি মনে করেন?,,90,8,2
31,Prothomalo,18 June 2023,"ইবাদত, তাসকিনদের হাত ধরে বাংলাদেশের পেস বোলিংয়ের দুর্বলতা কাটছে বলে কি আপনি মনে করেন?",,85,12,3
32,Prothomalo,17 June 2023,ডেঙ্গু জ্বরের জন্য দায়ী এডিস মশা নিধনে ঢাকার দুই সিটি করপোরেশনের উদ্যোগ যথেষ্ট বলে মনে করেন কি?,,2,97,1
33,Prothomalo,16 June 2023,দেশে সব কিছু মিলিয়ে একটি ভয়ের সংস্কৃতি তৈরি হয়েছে —অধ্যাপক সিরাজুল ইসলাম চৌধুরীর এই বক্তব্যের সঙ্গে আপনি কি একমত?,,95,4,1
34,Prothomalo,15 June 2023,দেশে এখন ডিজিটাল ব্যাংক করার প্রয়োজন আছে বলে আপনি মনে করেন কি?,,54,44,2
35,Prothomalo,14 June 2023,বাজার ব্যবস্থাপনার ক্ষেত্রে চরম দুর্বলতার কারণে জিনিসপত্রের দাম একেবারেই লাগামছাড়া—বাংলাদেশের ওয়ার্কার্স পার্টির সভাপতি রাশেদ খান মেননের এই বক্তব্যের সঙ্গে আপনি কি একমত?,,97,2,1
36,Prothomalo,13 June 2023,পবিত্র ঈদুল আজহার ছুটি এক দিন বাড়িয়ে চার দিন করার সুপারিশ করেছে আইন–শৃঙ্খলাবিষয়ক মন্ত্রিসভা কমিটি। আপনি কি তা সমর্থন করেন?,,85,14,1
37,Prothomalo,12 June 2023,বেসিক ব্যাংকে ঋণ অনিয়মের প্রায় এক দশক পর ব্যাংকটির সাবেক চেয়ারম্যান শেখ আবদুল হাই বাচ্চুসহ ১৪৭ জনকে আসামি করে অভিযোগপত্র অনুমোদন দিয়েছে দুদক। এ ঘটনায় দায়ী ব্যক্তিদের শাস্তি হবে বলে আপনি মনে করেন কি?,,5,94,1
38,Prothomalo,11 June 2023,"নির্বাচন কমিশনার মো. আহসান হাবিব খান বলেছেন, বরিশাল ও খুলনা সিটি করপোরেশনের নির্বাচন গাজীপুরের নির্বাচনের চেয়ে ভালো হবে। আপনি কি তা মনে করেন?",,11,87,2
39,Prothomalo,10 June 2023,সিলেট সিটি করপোরেশন নির্বাচনকে কেন্দ্র করে অস্ত্রের মহড়া দেওয়া ব্যক্তিদের শাস্তি নিশ্চিত করা সম্ভব হবে বলে মনে করেন কি?,,5,94,1
40,Prothomalo,9 June 2023,সড়ক দুর্ঘটনার প্রায় অর্ধেক মামলায় চালক শনাক্ত না হওয়ার জন্য তদন্তে ঘাটতির কথা বলেছেন পুলিশের সাবেক অতিরিক্ত মহাপরিদর্শক মোখলেসুর রহমান। আপনি কি তা মনে করেন?,,91,8,1
41,Prothomalo,8 June 2023,"জাতীয় নির্বাচন সামনে রেখে সরকারের কোনো সংস্থা যেন কারও বিরুদ্ধে হয়রানিমূলক মামলা না করে, তা নিশ্চিতে সরকারকে প্রস্তাব দেবে নির্বাচন কমিশন। আপনি কি তা সমর্থন করেন?",,92,5,3
42,Prothomalo,7 June 2023,গরমের কারণে স্কুল ছুটির বিষয়ে তিন দফায় সিদ্ধান্ত দেওয়া হয়েছে—এখানে সমন্বয়হীনতা রয়েছে বলে আপনি কি মনে করেন?,,96,3,1
43,Prothomalo,6 June 2023,সবাইকে ধৈর্য ধরার আহ্বান জানিয়ে সপ্তাহ দুয়েকের মধ্যে বিদ্যুৎ পরিস্থিতি স্বাভাবিক করার আশ্বাস দিয়েছেন প্রতিমন্ত্রী নসরুল হামিদ। এ সময়ে বিদ্যুৎ–সংকট কাটবে বলে আপনি কি মনে করেন?,,12,83,5
44,Prothomalo,5 June 2023,নতুন আইনে বিদেশে ঘুরতে গেলেই এনবিআরে সম্পদের বিবরণী জমা দেওয়া বাধ্যতামূলক করা হচ্ছে—আপনি কি তা সমর্থন করেন?,,12,69,19
45,Prothomalo,4 June 2023,"গরমে শিশুরা অসুস্থ হয়ে যেতে পারে, তাই সব স্কুল কিছুদিন বন্ধ রাখলে ভালো হয়—শিশুরোগবিশেষজ্ঞ মোহাম্মদ সহিদুল্লার এ বক্তব্যের সঙ্গে আপনি কি একমত?",,97,3,0
46,Prothomalo,3 June 2023,বাজেটে কলমের দাম বাড়ানোর প্রস্তাব পুনর্বিবেচনা করা হবে বলে আশা করছেন শিক্ষামন্ত্রী দীপু মনি। আপনি কি তা মনে করেন?,,19,79,2
47,Prothomalo,2 June 2023,ব্যক্তিশ্রেণির করদাতাদের করমুক্ত আয়সীমা সাড়ে তিন লাখ টাকা করা যৌক্তিক বলে মনে করেন কি?,,85,13,2
48,Prothomalo,1 June 2023,বাজেটে দেশে উৎপাদিত মুঠোফোনের ওপর মূল্য সংযোজন কর (ভ্যাট) বাড়ানোর প্রস্তাব করা হয়েছে—আপনি কি তা সমর্থন করেন?,,13,86,1
49,Prothomalo,31 May 2023,"প্রশাসনে তেজ বেড়েছে, তবে গভীরতা কমেছে—পরিকল্পনামন্ত্রী এম এ মান্নানের এই বক্তব্যের সঙ্গে আপনি কি একমত?",,93,4,3
50,Prothomalo,30 May 2023,"পবিত্র ঈদুল আজহায় ট্রেনের অগ্রিম টিকিট শতভাগ অনলাইনে বিক্রি করার সিদ্ধান্ত নিয়েছে রেল কর্তৃপক্ষ, আপনি কি তা সমর্থন করেন?",,83,16,1
51,Prothomalo,29 May 2023,নতুন সরকারি বিশ্ববিদ্যালয় স্থাপনে আইন পাসের পরপরই ভাড়া করা বাড়ি বা যেখানে-সেখানে শিক্ষা কার্যক্রম চালুর সুযোগ বন্ধের উদ্যোগ নিয়েছে ইউজিসি—আপনি কি তা সমর্থন করেন?,,95,4,1
52,Prothomalo,28 May 2023,সুশাসনের অভাবে বেসরকারি ব্যাংকে খেলাপি ঋণ বাড়ছে—অ্যাসোসিয়েশন অব ব্যাংকার্স বাংলাদেশের সাবেক চেয়ারম্যান আনিস এ খানের এ বক্তব্যের সঙ্গে আপনি একমত?,,97,2,1
53,Prothomalo,27 May 2023,জাতীয় পরিচয়পত্র থাকলেই আয়কর রিটার্ন দাখিলের পক্ষে পররাষ্ট্রমন্ত্রী এ কে আব্দুল মোমেন—তাঁর এই অবস্থানের সঙ্গে আপনি কি একমত?,,6,93,1
54,Prothomalo,26 May 2023,"ভোটকেন্দ্র কোথায় কোথায় হবে, তা নির্ধারণে নির্বাচন কমিশনের সঙ্গে প্রশাসন ও পুলিশ কর্মকর্তাদের যুক্ত করার উদ্যোগ নেওয়া হয়েছে। আপনি কি তা সমর্থন করেন?",,12,86,2
55,Prothomalo,25 May 2023,"পেঁয়াজের মূল্যবৃদ্ধির পেছনে ‘সিন্ডিকেট’ আছে কি না, তা খতিয়ে দেখার কথা বলেছেন পরিকল্পনামন্ত্রী এম এ মান্নান। আসলেই তা করা হবে বলে আপনি কি মনে করেন?",,4,96,0
56,Prothomalo,24 May 2023,কর দিতে হয় না বলে সম্পদশালীরা প্লট কিনছেন। তাতে ঢাকার পূর্বাচল হয়ে উঠছে কর ফাঁকির অভয়ারণ্য—পিআরআইয়ের নির্বাহী পরিচালক আহসান এইচ মনসুরের এই বক্তব্যের সঙ্গে আপনি কি একমত?,,97,2,1
57,Prothomalo,23 May 2023,করযোগ্য আয় না থাকলেও ন্যূনতম কর দেওয়া বাধ্যতামূলক করা সংগত হবে বলে আপনি কি মনে করেন?,,6,93,1
58,Prothomalo,22 May 2023,শহরের শিক্ষক-অভিভাবকেরা ভালো ফলের জন্য চাপ দিয়ে শিক্ষার্থীদের জীবন বিপন্ন করে দিচ্ছেন—শিক্ষা উপমন্ত্রী মহিবুল হাসান চৌধুরীর এ বক্তব্যের সঙ্গে আপনি কি একমত?,,92,7,1
59,Prothomalo,21 May 2023,"ভোট হবে কিন্তু ভোটার কেন্দ্রে যাবেন না, এটা যেন রীতি হয়ে গেছে—স্থানীয় সরকার বিশেষজ্ঞ তোফায়েল আহমেদের এই বক্তব্যের সঙ্গে আপনি কি একমত?",,95,4,1
60,Prothomalo,20 May 2023,দেশে বজ্রপাতে প্রাণহানি কমাতে দ্রুত কার্যকর পদক্ষেপ গ্রহণের উদ্যোগ নেওয়া হবে বলে মনে করেন কি?,,5,94,1
61,Prothomalo,19 May 2023,"ওয়ানডে বিশ্বকাপের এখনো চার মাস বাকি। তাই দলে কে থাকবে না থাকবে, তা নিয়ে এখনই আলোচনার পক্ষে নন প্রধান নির্বাচক মিনহাজুল আবেদীন। আপনি কি তাঁর সঙ্গে একমত?",,26,71,3
62,Prothomalo,18 May 2023,"নির্বাচনে আইনের পরিপন্থী কাজ করলে, তিনি যে ব্যক্তিই হোন, তাঁকে আইনের আওতায় আনতে যথাযথ পদক্ষেপ নেওয়া হবে—ইসি সচিব মো. জাহাংগীর আলমের এই কথায় আপনি কি আস্থা রাখেন?",,4,95,1
63,Prothomalo,17 May 2023,দুই চুলায় মাসিক গ্যাসের বিল ৫১২ টাকা এবং এক চুলায় ৩৯০ টাকা বাড়াতে নিয়ন্ত্রক সংস্থা বিইআরসিতে প্রস্তাব দিয়েছে তিতাস গ্যাস। আপনি কি তা সমর্থন করেন?,,9,90,1
64,Prothomalo,16 May 2023,"বাণিজ্যমন্ত্রী বলেছেন, কিছু অসৎ ব্যবসায়ী বেশি দরে তেল-চিনি বিক্রি করছেন—এই ব্যবসায়ীদের বিরুদ্ধে শাস্তিমূলক ব্যবস্থা নেওয়া হবে বলে মনে করেন কি?",,4,95,1
65,Prothomalo,15 May 2023,"সব জায়গায় কৃচ্ছ্রসাধন দরকার উল্লেখ করে পরিকল্পনামন্ত্রী এম এ মান্নান বলেছেন, বড় কর্মকর্তার (অফিসার) বড় গাড়ি, বড় বাড়ি—এসব জায়গায় বদল আনতে হবে। এই পরিবর্তন হবে বলে আপনি কি মনে করেন?",,6,93,1
66,Prothomalo,14 May 2023,"নিত্যপণ্যের দাম বাড়ার ক্ষেত্রে কিছু ব্যবসায়ীও সুযোগ নিচ্ছেন, তাঁদের সামাল দিতে আমরা সর্বাত্মক চেষ্টা করছি— বাণিজ্যমন্ত্রী টিপু মুনশির এই কথায় আপনি কি সন্তুষ্ট?",,3,97,0
67,Prothomalo,13 May 2023,"বিএনপিকে নির্বাচনে আসার আহ্বান জানিয়ে আওয়ামী লীগের সাধারণ সম্পাদক ওবায়দুল কাদের বলেছেন, ‘সেইফ এক্সিট’ কারা নেবে, জনগণই তা নির্ধারণ করবে। আপনি কি তাঁর এই বক্তব্যের সঙ্গে একমত?",,9,89,2
68,Prothomalo,12 May 2023,হবিগঞ্জের সাতছড়ি জাতীয় উদ্যানে আইন ভেঙে পাকা স্থাপনা নির্মাণে জড়িতদের যথাযথ শাস্তি নিশ্চিত করা সম্ভব হবে বলে মনে করেন কি?,,4,95,1
69,Prothomalo,11 May 2023,বাজারে তদারকি বাড়ালে সরকার নির্ধারিত দামে চিনি বিক্রি হবে বলে আপনি কি মনে করেন?,,13,86,1
70,Prothomalo,10 May 2023,রাজধানীর কল্যাণপুর জলাধারের বেদখলে থাকা জায়গা যেকোনো মূল্যে উদ্ধার করা হবে—মেয়র আতিকুল ইসলামের এ বক্তব্যে আপনার আস্থা আছে কি?,,48,50,2
71,Prothomalo,9 May 2023,বিভিন্ন স্থানে প্রশাসনের বেঁধে দেওয়া সময় অনুযায়ী গাছ থেকে আম পাড়া নিশ্চিত করা সম্ভব হবে বলে মনে করেন কি?,,7,92,1
72,Prothomalo,8 May 2023,গভীর রাতে ধানমন্ডির সাতমসজিদ সড়কে গাছ কেটে ফেলা নাগরিকদের কাছে জবাবদিহি না থাকার ফল—গাছ রক্ষার দাবিতে আন্দোলনরত ব্যক্তিদের এ অভিযোগের সঙ্গে আপনি কি একমত?,,96,3,1
73,Prothomalo,7 May 2023,"পাচার করা টাকা কেউ ফেরত আনেনি, তাই আইনের প্রয়োগ বাড়িয়ে বিদেশে টাকা পাচার রোধ করা উচিত—সিপিডির বিশেষ ফেলো মোস্তাফিজুর রহমানের এই পরামর্শ অনুযায়ী কাজ হবে বলে আপনি কি মনে করেন?",,8,91,1
74,Prothomalo,6 May 2023,পাঁচ সিটি করপোরেশনের নির্বাচনের পরিবেশ নিজেদের নিয়ন্ত্রণে রাখতে এবার আগেভাগেই তৎপরতা শুরু করেছে নির্বাচন কমিশন (ইসি)। তাদের এ তৎপরতা শেষ পর্যন্ত কার্যকর হবে বলে আপনি কি মনে করেন?,,6,93,1
75,Prothomalo,5 May 2023,"বাংলাদেশে ভূমিকম্পের ঝুঁকি মোকাবিলার বেশির ভাগ সিদ্ধান্ত ও উদ্যোগ কাগজে-কলমে সীমাবদ্ধ রয়েছে, বাস্তবে গুরুত্ব পাচ্ছে কম—ভূতত্ত্বের অধ্যাপক সৈয়দ হুমায়ুন আখতারের এই বক্তব্যের সঙ্গে আপনি কি একমত?",,99,1,0
76,Prothomalo,4 May 2023,যেকোনো দেশের দুর্নীতিবাজ ব্যক্তিদের কালো তালিকাভুক্ত করে ইউরোপীয় ইউনিয়নে নিষিদ্ধ করা হচ্ছে। এতে দেশে দেশে দুর্নীতি কমবে বলে আপনি কি মনে করেন?,,29,69,2
77,Prothomalo,3 May 2023,"সড়কে আইন ভাঙলে কিছু হবে না, এটা জানে বলেই দেশে মানুষ আইন মানে না—নিরাপদ সড়ক চাইয়ের চেয়ারম্যান ইলিয়াস কাঞ্চনের এই বক্তব্যের সঙ্গে আপনি কি একমত?",,98,2,0
78,Prothomalo,2 May 2023,"মতপ্রকাশের স্বাধীনতা নিশ্চিত করার আহ্বান জানিয়ে অধ্যাপক গীতি আরা নাসরীন বলেছেন, দেশে সাংবাদিকতা এখন এতটা খারাপ অবস্থায় আছে, যা আগে কখনো দেখা যায়নি। আপনি কি তা মনে করেন?",,92,7,1
79,Prothomalo,30 April 2023,ভোজ্যতেলের দাম না বাড়িয়ে ব্যবসায়ীদের জন্য ভ্যাট ছাড় অব্যাহত রাখা যৌক্তিক হবে বলে আপনি কি মনে করেন?,,86,12,2
80,Prothomalo,29 April 2023,বিএনপি কোনো কৌশলেই সিটি করপোরেশন নির্বাচনে অংশ নিচ্ছে না বলে জানিয়ে দিয়েছেন দলটির মহাসচিব মির্জা ফখরুল ইসলাম আলমগীর। বিএনপি এ অবস্থান ধরে রাখতে পারবে বলে মনে করেন কি?,,83,15,2
81,Prothomalo,28 April 2023,"এ দেশে যাঁরা ভিন্নভাবে ভাবেন, ক্ষমতার বাইরে গিয়ে ভাবেন, তাঁদের সব সময় নানা চ্যালেঞ্জের মুখে থাকতে হয়—বেলার প্রধান নির্বাহী সৈয়দা রিজওয়ানা হাসানের এই বক্তব্যের সঙ্গে আপনি কি একমত?",,97,2,1
82,Prothomalo,27 April 2023,কক্সবাজারে আশ্রয় নেওয়া রোহিঙ্গাদের শুধু টেলিটকের নেটওয়ার্কের আওতায় আনলে তা অপরাধ নিয়ন্ত্রণে সহায়ক হবে বলে আপনি কি মনে করেন?,,55,41,4
83,Prothomalo,26 April 2023,বিদ্যুৎ–জ্বালানি খরচ কমাতে সব ব্যাংককে জরুরি ছাড়া সভা অনলাইনে করার নির্দেশ দিয়েছে কেন্দ্রীয় ব্যাংক। এ সিদ্ধান্ত ফলপ্রসূ হবে বলে আপনি কি মনে করেন?  ,,54,44,2
84,Prothomalo,25 April 2023,তিতাস গ্যাসের মেয়াদোত্তীর্ণ পাইপলাইন পাল্টে নতুন লাইন বসানো উচিত—বুয়েটের শিক্ষক মো. ইয়াসির আরাফাত খানের এই পরামর্শ অনুযায়ী কাজ করা হবে বলে আপনি কি আশাবাদী?,,10,89,1
85,Prothomalo,24 April 2023,"দুর্যোগ ব্যবস্থাপনা ও ত্রাণ প্রতিমন্ত্রী মো. এনামুর রহমান বলেছেন, ঝুঁকিপূর্ণ মার্কেট নিয়ে ফায়ার সার্ভিস ও সিভিল ডিফেন্স অধিদপ্তর জরিপ করে যে সুপারিশ দিয়েছে, তা বাস্তবায়ন করার জন্য সর্বোচ্চ আইন ও শক্তি প্রয়োগ করা হবে। এটা হবে বলে আপনি কি মনে করেন?",,5,94,1
86,Prothomalo,20 April 2023,পাঁচ সিটি নির্বাচন প্রতিদ্বন্দ্বিতামূলক ও গ্রহণযোগ্য করতে না পারলে নির্বাচন কমিশনের প্রতি আস্থার সংকট আরও বাড়বে—নির্বাচন পর্যবেক্ষক মুনিরা খানের এই বক্তব্যের সঙ্গে আপনি কি একমত?,,93,5,2
87,Prothomalo,19 April 2023,সমন্বিত ভর্তি পরীক্ষার (গুচ্ছ) আবেদন ফি ১৫০০ থেকে কমিয়ে ৫০০ টাকা করার প্রস্তাব করেছে জগন্নাথ বিশ্ববিদ্যালয় শিক্ষক সমিতি। তাদের এই প্রস্তাব মেনে নেওয়া উচিত বলে আপনি মনে করেন?,,95,4,1
88,Prothomalo,18 April 2023,"বঙ্গবাজার, নিউ সুপার মার্কেটে আগুনসহ প্রতিটি বড় অগ্নিকাণ্ডের কারণ খুঁজে বের করা এবং এসব ঘটনায় সংশ্লিষ্টদের গাফিলতি আছে কি না, তা খতিয়ে দেখতে উচ্চ ক্ষমতাসম্পন্ন তদন্ত কমিশন গঠনের দাবি জানিয়েছেন ২৮ জন বিশিষ্ট নাগরিক। আপনি কি তা সমর্থন করেন?",,95,4,1
89,Prothomalo,17 April 2023,"সাধারণ সম্পাদক ক্ষমতার অপব্যবহার করেছেন, তাঁর অফিস ভুল করেছে, এখানে সভাপতি হিসেবে তাঁর দায় নেওয়ার কিছু নেই।—এ কথা বলে বাফুফে সভাপতি কাজী সালাউদ্দিন দায় এড়াতে পারেন বলে আপনি মনে করেন কি?",,2,97,1
90,Prothomalo,16 April 2023,এবার ঈদযাত্রায় ফিটনেসবিহীন গাড়ির বিরুদ্ধে অভিযানসহ সড়কে শৃঙ্খলা নিশ্চিত করতে মাঠপর্যায়ের পুলিশ কর্মকর্তাদের নির্দেশ দিয়েছে পুলিশ সদর দপ্তর। এতে সড়কে ফিটনেসবিহীন গাড়ি চলাচল কমবে বলে আপনি কি মনে করেন?,,4,95,1
91,Prothomalo,15 April 2023,টঙ্গীতে ঢাকা-ময়মনসিংহ মহাসড়কে চলমান বাস র‍্যাপিড ট্রানজিট (বিআরটি) প্রকল্পের একটি ক্রেন উল্টে শনিবার শিশুসহ তিনজন আহত হয়েছেন। এর আগে গত বছর উত্তরায় একটি প্রাইভেট কারের ওপর গার্ডার ধসে পাঁচজন নিহত হন। এসব ঘটনায় নিরাপত্তা নিশ্চিত করার বিষয়ে সংশ্লিষ্ট কর্তৃপক্ষের অবহেলা রয়েছে বলে মনে করেন কি?,,99,1,0
92,Prothomalo,13 April 2023,"আগামী ৫ থেকে ১০ বছরের জন্য বিনা প্রশ্নে ফ্ল্যাট, প্লট কিনে কালোটাকা সাদা করার সুযোগ বহাল রাখার দাবি জানিয়েছে ব্যবসায়ীদের শীর্ষ সংগঠন এফবিসিসিআই। আপনি কি তা সমর্থন করেন?",,11,88,1
93,Prothomalo,12 April 2023,নির্বাচনের খবর সংগ্রহে সাংবাদিকদের মোটরসাইকেল ব্যবহারের অনুমতি দেবে না নির্বাচন কমিশন। আপনি কি তা সমর্থন করেন?,,7,92,1
94,Prothomalo,11 April 2023,জাতীয় নির্বাচনের আগে দলগুলোর নিবন্ধনের শর্ত যাচাই করতে গেলে বিতর্ক তৈরি হতে পারে—এ আশঙ্কায় শর্ত যাচাইয়ের সিদ্ধান্ত থেকে নির্বাচন কমিশনের সরে আসা যৌক্তিক বলে মনে করেন কি?,,12,85,3
95,Prothomalo,10 April 2023,এবার ঈদযাত্রায় অনিয়ম হলে ব্যবস্থা নেবে জাতীয় ভোক্তা অধিকার সংরক্ষণ অধিদপ্তর। এতে যাত্রী হয়রানি বন্ধ হবে বলে আপনি কি মনে করেন?,,6,93,1
96,Prothomalo,9 April 2023,"১০ বছর পর ঘটা করে জনশুমারি নয়, প্রতিবছর জনসংখ্যার হালনাগাদ তথ্য প্রকাশ করতে বিবিএসকে নির্দেশ দিয়েছেন সরকারের দুই মন্ত্রী। আপনি কি তা সমর্থন করেন?",,91,7,2
97,Prothomalo,8 April 2023,ঈদযাত্রায় ট্রেনের অগ্রিম টিকিট বিক্রির প্রথম দিনে ৩ থেকে ৫ মিনিটের মধ্যে উত্তরবঙ্গের টিকিট শেষ হয়ে যায়—এটা স্বাভাবিক বলে মনে করেন কি?,,15,84,1
98,Prothomalo,7 April 2023,খেলোয়াড়দের মানসিকতার উন্নতির কারণেই সাফল্য পাচ্ছে বাংলাদেশ দল—সাকিব আল হাসানের এই বক্তব্যের সঙ্গে আপনি কি একমত?,,88,9,3
99,Prothomalo,6 April 2023,"বড় দলগুলো একেবারেই অংশগ্রহণ না করলে নির্বাচনের ‘লিগ্যালিটি’ নিয়ে সংকট হবে না, কিন্তু ‘লেজিটিমেসি’ শূন্যের কোঠায় চলে যেতে পারে—সিইসি কাজী হাবিবুল আউয়ালের এ বক্তব্যের সঙ্গে আপনি কি একমত?",,35,60,5
100,Prothomalo,5 April 2023,"বঙ্গবাজারকে চার বছর আগে ঝুঁকিপূর্ণ ঘোষণা করে ফায়ার সার্ভিস, তারপরও এ ব্যাপারে পদক্ষেপ না নেওয়ায় দায়ীদের বিরুদ্ধে ব্যবস্থা নেওয়া হবে বলে মনে করেন কি?",,3,96,1
101,Prothomalo,4 April 2023,"আগামী জাতীয় সংসদ নির্বাচন কেমন হবে, তার ওপর বাংলাদেশে গণতন্ত্রের ভবিষ্যৎ অনেকটা নির্ভর করবে। — সুজন সম্পাদক বদিউল আলম মজুমদারের এই বক্তব্যের সঙ্গে আপনি কি একমত?",,91,8,1
102,Prothomalo,3 April 2023,আগামী জাতীয় সংসদ নির্বাচনে ইভিএম ব্যবহারের সিদ্ধান্ত থেকে সরে এসেছে নির্বাচন কমিশন। ৩০০ আসনেই ভোট হবে কাগজের ব্যালটে। এ সিদ্ধান্ত নির্বাচন নিয়ে মানুষের আগ্রহ বাড়াবে বলে মনে করেন কি?,,15,82,3
103,Prothomalo,2 April 2023,ঈদযাত্রায় ভোগান্তি কমাতে সরকারি ছুটি এক দিন বাড়ানোর দাবি জানিয়েছে যাত্রী কল্যাণ সমিতি। আপনি কি তা সমর্থন করেন?,,90,9,1
104,Prothomalo,1 April 2023,কয়েক দিন ধরে কক্সবাজার সৈকতে ভেসে আসছে মৃত জেলিফিশ। এর কারণ অনুসন্ধান করে জীববৈচিত্র্য রক্ষায় কার্যকর ব্যবস্থা নেওয়া হবে বলে মনে করেন কি?,,14,84,2
105,Prothomalo,31 March 2023,পবিত্র ঈদের সময় পদ্মা সেতু দিয়ে মোটরসাইকেল চলাচল করতে দেওয়া উচিত বলে মনে করেন?,,80,19,1
106,Prothomalo,30 March 2023,"বেসরকারি গবেষণা প্রতিষ্ঠান সানেমের জরিপের তথ্য বলছে, নিম্ন আয়ের ৭১% পরিবার কম খাচ্ছে—আপনিও কি তাই মনে করেন?",,96,3,1
107,Prothomalo,29 March 2023,ডিজিটাল নিরাপত্তা আইনের মাধ্যমে সংবাদকর্মী ও মুক্ত মত প্রকাশকারী ব্যক্তিরা ক্রমাগতভাবে নিপীড়ন ও নির্যাতনের শিকার হচ্ছেন—সম্পাদক পরিষদের এই বক্তব্যের সঙ্গে আপনি কি একমত?,,94,5,1
108,Prothomalo,28 March 2023,"ঢাকা বিশ্ববিদ্যালয় ক্যাম্পাসে ‘প্রলয় গ্যাং’ তৈরি করে এক দল শিক্ষার্থী যেসব অপকর্ম করে আসছিলেন, তাতে বিশ্ববিদ্যালয় প্রশাসনের দায় আছে বলে আপনি কি মনে করেন?",,98,1,1
109,Prothomalo,27 March 2023,ঈদের ছুটিতে এক দিনে অতিরিক্ত যাত্রীর চাপ কমানোর জন্য ঈদের দুই-তিন দিন আগে শ্রমিকদের ছুটি দিতে কারখানাগুলোর প্রতি নির্দেশনা দিয়েছে বিজিএমইএ। কারখানামালিকেরা তা করবেন বলে আপনি কি মনে করেন?,,10,89,1
110,Prothomalo,26 March 2023,‘আমরা একটা রুচির দুর্ভিক্ষের মধ্যে পড়ে গেছি।’—হিরো আলম প্রসঙ্গে সাংস্কৃতিক ব্যক্তিত্ব মামুনুর রশীদের এই বক্তব্যের সঙ্গে আপনি কি একমত?,,79,19,2
111,Prothomalo,25 March 2023,চিনির আমদানি শুল্ক কমলেও দামে প্রভাব নেই—দাম কমাতে কার্যকর উদ্যোগ নেওয়া হবে বলে মনে করেন কি?,,4,95,1
112,Prothomalo,24 March 2023,বিশ্ববাজারে ভোগ্যপণ্যের দাম কমার সুফল দেশে নিশ্চিত করার জন্য সরকার কার্যকর উদ্যোগ নেবে বলে মনে করেন কি?,,4,95,1
113,Prothomalo,23 March 2023,আগামী জাতীয় নির্বাচন নিয়ে আলোচনা ও মতবিনিময়ের জন্য বিএনপিকে আমন্ত্রণ জানিয়েছে নির্বাচন কমিশন। বিএনপির এ আহ্বানে সাড়া দেওয়া উচিত হবে বলে কি আপনি মনে করেন?,,18,80,2
114,Prothomalo,22 March 2023,"যাঁদের সন্ত্রাস, চাঁদাবাজি, সিট-বাণিজ্য ও মাদকের মানসিকতা আছে, তাঁদের ছাত্রলীগ থেকে বাদ দেওয়ার নির্দেশ দিয়েছেন আওয়ামী লীগের সাধারণ সম্পাদক ওবায়দুল কাদের। ছাত্রলীগ এই নির্দেশনা মেনে চলবে বলে আপনি মনে করেন কি?",,3,96,1
115,Prothomalo,21 March 2023,ঈদযাত্রায় ট্রেনের সব টিকিট অনলাইনে বিক্রির সিদ্ধান্তের সঙ্গে আপনি কি একমত?,,79,19,2
116,Prothomalo,20 March 2023,দেশে নিরাপদ সড়ক নিশ্চিত করতে সরকারের সংশ্লিষ্ট দপ্তরগুলোর উদ্যোগ যথেষ্ট বলে মনে করেন কি?,,2,97,1
117,Prothomalo,19 March 2023,চলাচলের অনুমতি না থাকলেও যাত্রী পরিবহন করে আসা ইমাদ পরিবহনের বাস দুর্ঘটনায় ১৯ জনের মৃত্যুর দায় তদারকি সংস্থা এড়াতে পারে বলে আপনি মনে করেন কি?,,3,96,1
118,Prothomalo,18 March 2023,রবিউল ইসলাম ওরফে আরাভ খানকে দুবাই থেকে দেশে ফিরিয়ে বিচারের আওতায় আনা সম্ভব হবে বলে মনে করেন কি?,,7,91,2
119,Prothomalo,17 March 2023,পবিত্র রমজানে নিত্যপণ্যের দাম নিয়ন্ত্রণে রাখতে কার্যকর উদ্যোগ নেওয়া হবে বলে মনে করেন কি?,,3,96,1
120,Prothomalo,16 March 2023,সেন্ট মার্টিন দ্বীপ রক্ষায় সরকার উদ্যোগী হবে বলে কি আপনি মনে করেন?,,5,94,1
121,Prothomalo,15 March 2023,রাজধানীতে ভূমিকম্প হলে ধসে পড়ার ঝুঁকিতে রয়েছে ৯ লাখ ভবন—এগুলোর বিষয়ে রাজউক কার্যকর কোনো উদ্যোগ নেবে বলে মনে করেন কি?,,2,97,1
122,Prothomalo,14 March 2023,বাংলাদেশ দলই এখন ফিল্ডিংয়ে এশিয়ার সেরা।—সাকিব আল হাসানের এই দাবির সঙ্গে আপনি কি একমত?,,11,87,2
123,Prothomalo,13 March 2023,রোজায় বাজারে অস্থিরতা দেখা দিলে আইনি ব্যবস্থা নিতে জেলা প্রশাসকদের নির্দেশ দিয়েছে সরকার। আপনি কি মনে করেন এতে কাজ হবে?,,4,95,1
124,Prothomalo,12 March 2023,"‘বাংলাদেশের জনগণ কখনো ভুল ভোট দেয় না, তাই এসব নিয়ে যুক্তরাজ্যের দুশ্চিন্তার কোনো কারণ নেই।’—পররাষ্ট্রমন্ত্রী এ কে আব্দুল মোমেনের এই বক্তব্যের সঙ্গে আপনি কি একমত?",,7,92,1
125,Prothomalo,11 March 2023,রাজধানীতে ভূমিকম্পসহনীয় ভবন নির্মাণ নিশ্চিত করতে রাজউক যথাযথ তদারকির উদ্যোগ নেবে বলে মনে করেন কি?,,2,97,1
126,Prothomalo,10 March 2023,ব্রয়লার মুরগিসহ সব ধরনের মাংসের দাম সহনীয় পর্যায়ে রাখতে সরকার যথাযথ উদ্যোগ নেবে বলে মনে করেন কি?,,3,96,1
127,Prothomalo,9 March 2023,‘দুর্ঘটনায় দায়ী ব্যক্তির শাস্তির জন্য ব্যস্ত হলেও আমরা এর মূল কারণ খুঁজে সমাধানের চেষ্টা করি না। তাতে একই ধরনের দুর্ঘটনা বারবার ঘটতে থাকে।’ বুয়েটের অধ্যাপক সৈয়দা সুলতানা রাজিয়ার এই বক্তব্যের সঙ্গে আপনি কি একমত?,,99,1,0
128,Prothomalo,8 March 2023,সিদ্দিকবাজারে বিস্ফোরণের সম্ভাব্য পাঁচটি কারণের কথা বলেছে পুলিশের সিটিটিসি ইউনিটের বোমা নিষ্ক্রিয়করণ দল। এগুলো আমলে নিয়ে রাজধানীর ঝুঁকিপূর্ণ ভবনগুলোর বিষয়ে কর্তৃপক্ষ কার্যকর পদক্ষেপ নেবে বলে মনে করেন কি?,,2,97,1
129,Prothomalo,6 March 2023,"শিক্ষা উপমন্ত্রী মহিবুল হাসান চৌধুরী বলেছেন, নারী কী করবে, পুরুষ কী করবে, তা আমরা পাঠ্যপুস্তকেই নির্ধারণ করে দিচ্ছি। এটাই নারীর অগ্রগতির পথে বড় বাধা। আপনি কি তাঁর এই বক্তব্যের সঙ্গে একমত?",,50,46,4
130,Prothomalo,5 March 2023,বিদ্যুৎ–গ্যাসসংশ্লিষ্ট দুর্ঘটনা রোধে এসব সেবা তদারকের দায়িত্বে থাকা সংস্থাগুলোর জবাবদিহি নিশ্চিত করতে হব—ফায়ার সার্ভিসের সাবেক মহাপরিচালক আবু নাঈম মো. শহীদুল্লাহর এই বক্তব্যের সঙ্গে আপনি কি একমত?,,98,1,1
131,Prothomalo,4 March 2023,দুর্নীতিবাজেরাই এখন সমাজে প্রভাবশালী ব্যক্তি হয়ে উঠেছেন—জাতীয় পার্টির চেয়ারম্যান জি এম কাদেরের এ বক্তব্যের সঙ্গে আপনি কি একমত?,,99,1,0
132,Prothomalo,3 March 2023,বায়ুদূষণে ছুটির দিন শুক্রবারও শীর্ষে ছিল ঢাকা শহর। ভীষণ অস্বাস্থ্যকর এ পরিস্থিতি থেকে এই নগরবাসীর শিগগিরই পরিত্রাণ পাওয়ার কোনো আশা দেখেন কি?,,2,97,1
133,Prothomalo,2 March 2023,"রাজনৈতিক দলগুলোর প্রতি বিরোধ নিরসনের আহ্বান জানিয়ে সিইসি কাজী হাবিবুল আউয়াল বলেছেন, নির্বাচন কমিশন এখানে মুরব্বিয়ানা করতে পারবে না। তাঁর এই বক্তব্যে আপনি কি সন্তুষ্ট?",,14,83,3
134,Prothomalo,1 March 2023,ঢাকার রাস্তায় মোটরসাইকেলের জন্য আলাদা লেনের দাবি জানিয়েছেন চালকেরা। আপনি কি তা সমর্থন করেন?,,84,15,1
135,Prothomalo,28 February 2023,দুপুরে প্রাথমিক বৃত্তি পরীক্ষার ফলাফল ঘোষণা করে সন্ধ্যায় তা স্থগিত করাটা শিক্ষার্থীদের ওপর ব্যাপক মানসিক চাপ তৈরি করবে বলে আপনি কি মনে করেন?,,96,3,1
136,Prothomalo,27 February 2023,বাংলাদেশিদের দ্বৈত নাগরিকত্বের ক্ষেত্রে আরও ৪৪টি দেশের নাগরিক হওয়ার সুযোগ বাড়িয়েছে সরকার। এমন সিদ্ধান্ত দেশের সামগ্রিক স্বার্থের জন্য সুফল বয়ে আনবে বলে আপনি কি মনে করেন?,,61,35,4
137,Prothomalo,26 February 2023,"আসন্ন পবিত্র রমজানে মাছ, মাংস, দুধ, ডিমের দাম কোনোভাবেই বাড়বে না—মৎস্য ও প্রাণিসম্পদমন্ত্রী শ ম রেজাউল করিমের এই কথায় আপনি কি আস্থা রাখেন?",,3,96,1
138,Prothomalo,25 February 2023,রমনা পার্ক দিনের বেলা সাড়ে তিন ঘণ্টা বন্ধ রাখা নাগরিকদের শারীরিক ও মানসিক বিকাশের জন্য বাধা উল্লেখ করে তা সারা দিন খোলা রাখার পরামর্শ দিয়েছেন নগর-পরিকল্পনাবিদ আদিল মুহাম্মদ খান। আপনি কি তা চান?,,92,7,1
139,Prothomalo,24 February 2023,"আদানি গোষ্ঠী সম্পর্কে হিনডেনবার্গ রিসার্চের প্রতিবেদন নিয়ে গণমাধ্যমে লেখালেখির বিরুদ্ধে নিষেধাজ্ঞা জারির এক আবেদনের জবাবে ভারতের সুপ্রিম কোর্ট বলেছেন, ‘গণমাধ্যমের বিরুদ্ধে আমরা কখনো কোনো নিষেধাজ্ঞা জারি করব না।’ সর্বোচ্চ আদালতের এমন অবস্থান দেশটিতে গণমাধ্যমের স্বাধীনতা রক্ষায় ইতিবাচক ভূমিকা রাখবে বলে মনে করেন কি?",,97,2,1
140,Prothomalo,23 February 2023,নির্বাচনকালীন সরকারব্যবস্থা প্রশ্নে বড় দুই দলের অনড় অবস্থান দেশের জন্য বিপজ্জনক—সিইসি কাজী হাবিবুল আউয়ালের এই বক্তব্যের সঙ্গে আপনি কি একমত?,,95,4,1
141,Prothomalo,22 February 2023,জাতীয় ক্রিকেট দলের সহকারী কোচ নিয়োগে এবার স্থানীয় কোচদের প্রতিও আগ্রহ দেখাচ্ছে বিসিবি। আপনিও কি তা–ই চান?,,92,6,2
142,Prothomalo,21 February 2023,পারমাণবিক অস্ত্র নিয়ন্ত্রণে যুক্তরাষ্ট্রের সঙ্গে থাকা একমাত্র চুক্তিটি স্থগিতের ঘোষণা দিয়েছেন রাশিয়ার প্রেসিডেন্ট ভ্লাদিমির পুতিন। এতে সংকট আরও বাড়বে বলে আপনি কি মনে করেন?,,89,10,1
143,Prothomalo,20 February 2023,দুর্ঘটনা কমাতে দ্রুতগতির স্পোর্টি মোটরসাইকেল আমদানিতে শুল্ক বাড়িয়ে কম গতির স্কুটি মোটরসাইকেলে শুল্ক ছাড়ের কথা বলা হয়েছে এ–সংক্রান্ত নীতিমালার খসড়ায়। আপনি কি তা সমর্থন করেন?,,81,18,1
144,Prothomalo,19 February 2023,বিশ্ববিদ্যালয়ের হলগুলোয় নির্যাতনের বিচার হয় না বলে ক্ষমতাসীন দলের ছাত্র সংগঠনের নেতা–কর্মীরা বেপরোয়া হয়ে পড়েছেন—চট্টগ্রাম বিশ্ববিদ্যালয়ের যোগাযোগ ও সাংবাদিকতা বিভাগের সহকারী অধ্যাপক সুবর্ণা মজুমদারের এই বক্তব্যের সঙ্গে আপনি কি একমত?,,99,1,0
145,Prothomalo,18 February 2023,অপকর্মকারী ছাত্রলীগের নেতা-কর্মীদের আইনের আওতায় আনতে বলেছেন আওয়ামী লীগের সাধারণ সম্পাদক ওবায়দুল কাদের। এসব অপরাধীর শাস্তি হবে বলে আপনি কি মনে করেন?,,4,95,1
146,Prothomalo,17 February 2023,রপ্তানির পোশাক চুরিসহ বিভিন্ন ধরনের অপরাধ ঠেকাতে ঢাকা-চট্টগ্রাম মহাসড়কে ক্লোজড সার্কিট (সিসি) ক্যামেরা চালু করা হচ্ছে। এটা ফলপ্রসূ হবে বলে কি আপনি মনে করেন?,,23,75,2
147,Prothomalo,16 February 2023,"আওয়ামী লীগের সাধারণ সম্পাদক ও সেতুমন্ত্রী ওবায়দুল কাদের বলেছেন, ইউরোপীয় ইউনিয়ন (ইইউ) বাংলাদেশে অংশগ্রহণমূলক জাতীয় সংসদ নির্বাচন দেখতে চায়। বর্তমান নির্বাচন কমিশন ইইউর এ প্রত্যাশা পূরণ করতে পারবে বলে কি আপনি মনে করেন?",,77,23,0
148,Prothomalo,15 February 2023,টিকিট কালোবাজারি ঠেকাতে ট্রেনের টিকিট কেনায় জাতীয় পরিচয়পত্র বা জন্মনিবন্ধন সনদ বাধ্যতামূলক করেছে রেল কর্তৃপক্ষ। আপনি কি তা সমর্থন করেন?,,85,14,1
149,Prothomalo,14 February 2023,পার্ক ও খেলার মাঠ থেকে সব ধরনের বাণিজ্যিক স্থাপনা অপসারণের দাবি জানিয়েছে ২৬টি সংগঠন। আপনি কি এই দাবির সঙ্গে একমত?,,98,2,0
150,Prothomalo,13 February 2023,কর্তৃপক্ষ গঠন করে আগামী জুলাই থেকে পরীক্ষামূলকভাবে সর্বজনীন পেনশন ব্যবস্থা চালুর উদ্যোগ নিয়েছে সরকার। এটা সফল হবে বলে আপনি কি আশাবাদী?,,19,78,3
151,Prothomalo,12 February 2023,নিত্যপণ্যের দামে কারসাজি না করতে ব্যবসায়ীদের প্রতি আহ্বান জানিয়েছেন এফবিসিসিআইয়ের সভাপতি মো. জসিম উদ্দিন। ব্যবসায়ীরা তাঁর এ আহ্বানে সাড়া দেবেন বলে আপনি মনে করেন কি?,,2,97,1
152,Prothomalo,11 February 2023,১১ বছরেও সাংবাদিক দম্পতি সাগর–রুনি হত্যাকাণ্ডের সুরাহা না হওয়া আইনশৃঙ্খলা রক্ষাকারী বাহিনীর সদিচ্ছার ঘাটতির প্রমাণ দেয়—সাংবাদিক সংগঠনের নেতাদের এই অভিযোগ যৌক্তিক বলে আপনি মনে করেন কি?,,96,3,1
153,Prothomalo,10 February 2023,বিতর্কের মুখে ২০২৩ শিক্ষাবর্ষের ষষ্ঠ ও সপ্তম শ্রেণির ইতিহাস ও সামাজিক বিজ্ঞান বিষয়ের ‘অনুসন্ধানী পাঠ’ বই দুটির পাঠদান প্রত্যাহার করেছে জাতীয় শিক্ষাক্রম ও পাঠ্যপুস্তক বোর্ড। এ পদক্ষেপে পাঠ্যপুস্তক নিয়ে চলমান বিতর্কের অবসান ঘটবে বলে মনে করেন কি?,,7,90,3
154,Prothomalo,9 February 2023,ব্যাংকের চাকরিতে পদোন্নতির ক্ষেত্রে ব্যাংকিং ডিপ্লোমা পাস বাধ্যতামূলক করেছে বাংলাদেশ ব্যাংক। এটা যৌক্তিক বলে আপনি কি মনে করেন?,,37,61,2
155,Prothomalo,8 February 2023,নগরবাসীকে যানজটের ভোগান্তি থেকে রেহাই দিতে কর্মদিবসে রাজনৈতিক কর্মসূচি না দিতে দলগুলোর প্রতি আহ্বান জানিয়েছেন ঢাকার পুলিশ কমিশনার খন্দকার গোলাম ফারুক। আপনি কি তা সমর্থন করেন?,,83,15,2
156,Prothomalo,7 February 2023,"জাতীয় পার্টির চেয়ারম্যান জি এম কাদের বলেছেন, সরকারের ভুলত্রুটি ধরিয়ে দিতে সমালোচনা করা হয়। কিন্তু দেশে সমালোচকদের মুখ বন্ধ করার চেষ্টা চলছে। আপনি কি তা মনে করেন?",,92,7,1
157,Prothomalo,6 February 2023,"ভূতাত্ত্বিক গঠন ও টেকটোনিক কাঠামোর কারণেই বাংলাদেশ ভূমিকম্পপ্রবণ এলাকা। বিশেষ করে ঢাকা, সিলেট, চট্টগ্রাম ও পার্বত্য চট্টগ্রাম অঞ্চল ভূমিকম্পের ঝুঁকিতে রয়েছে বলে মত বিশেষজ্ঞদের। এমন প্রেক্ষাপটে আপৎকালীন পরিস্থিতি মোকাবিলায় এখনই প্রস্তুতিমূলক পদক্ষেপ নেওয়া দরকার বলে মনে করেন কি?",,96,3,1
158,Prothomalo,5 February 2023,"গণফোরামের সংসদ সদস্য মোকাব্বির খান বলেছেন, বিদেশে ‘সেকেন্ড হোম’ নিয়ে কথা বললে দেখা যাবে, কেঁচো খুঁড়তে সাপ বেরিয়ে আসছে। আপনি কি তা মনে করেন?",,98,1,1
159,Prothomalo,4 February 2023,"ফৌজদারি মামলায় পুলিশ, চিকিৎসকসহ সরকারি কর্মকর্তা-কর্মচারীদের সাক্ষ্য দেওয়ার জন্য ভাতা চালু করছে সরকার। এতে সাক্ষ্য দেওয়ার হার বাড়বে বলে আপনি কি মনে করেন?",,78,19,3
160,Prothomalo,3 February 2023,কোনো শিক্ষাপ্রতিষ্ঠানে এখনো বই না পৌঁছালে ওয়েবসাইট থেকে পড়ানোর জন্য শিক্ষকদের পরামর্শ দিয়েছেন শিক্ষামন্ত্রী দীপু মনি। তাঁর এ পরামর্শকে আপনি সমর্থন করেন কি?,,9,90,1
161,Prothomalo,2 February 2023,"আওয়ামী লীগের সংসদ সদস্য দবিরুল ইসলাম বলেছেন, ‘ইউএনও, ডিসি—তাঁরাই মনে হয় দেশটার মালিক। তাঁরা যা করেন, সেটাই চলে।’ তাঁর এই বক্তব্যের সঙ্গে আপনি কি একমত?",,78,11,2
162,Prothomalo,1 February 2023,বিসিবি ঠিকভাবে পরিচালিত করতে পারলে চন্ডিকা হাথুরুসিংহের কাছ থেকে বাংলাদেশ দল ভালো কিছু পেতে পারে বলে মনে করেন সাবেক অধিনায়ক মাশরাফি বিন মুর্তজা। আপনি কি তা মনে করেন?,,65,32,3
163,Prothomalo,31 January 2023,মেলায় উসকানিমূলক বই প্রকাশ ঠেকাতে কাজ করবে ঢাকা মহানগর পুলিশ। আপনি কি তা সমর্থন করেন?,,21,78,1
164,Prothomalo,30 January 2023,দেশে দুর্নীতিবিরোধী পদক্ষেপ একটি পর্যায় পর্যন্ত গিয়ে থমকে যাওয়ার কারণে দুর্নীতি বন্ধ হচ্ছে না বলে মনে করেন বাংলাদেশের ওয়ার্কার্স পার্টির সভাপতি রাশেদ খান মেনন। আপনি কি তাঁর সঙ্গে একমত?,,100,0,0
165,Prothomalo,29 January 2023,রাজনৈতিক বিভাজন এখন এমন পর্যায়ে গেছে যে গ্রামে পর্যন্ত ভাগ হয়ে গেছে—বিএনপির মহাসচিব মির্জা ফখরুল ইসলাম আলমগীরের এ বক্তব্যের সঙ্গে আপনি কি একমত?,,88,11,1
166,Prothomalo,28 January 2023,"আওয়ামী লীগের সাধারণ সম্পাদক ওবায়দুল কাদের বলেছেন, দক্ষিণ এশিয়া তো বটেই, অনেক উন্নত দেশের তুলনায় আমরা ভালো আছি। আপনি কি তা মনে করেন?",,9,90,1
167,Prothomalo,27 January 2023,চুরির ঘটনা যেন স্বাভাবিক হয়ে দাঁড়িয়েছে বাগেরহাটের রামপাল কয়লাভিত্তিক তাপবিদ্যুৎকেন্দ্রে। এত দিন মূল কেন্দ্রের বাইরের মালামাল চুরি হলেও এবার কেন্দ্রের ভেতরে তালাবদ্ধ ঘর থেকে প্রায় অর্ধকোটি টাকার যন্ত্র খোয়া গেছে। এসব ঘটনা দেশের বিদ্যুৎকেন্দ্রগুলোর নিরাপত্তাঘাটতিকেই নির্দেশ করছে বলে মনে করেন কি?,,97,2,1
168,Prothomalo,26 January 2023,"দেশে ব্যবসার পরিবেশ উন্নত না হওয়ায় ক্ষোভ প্রকাশ করে বাণিজ্যমন্ত্রী টিপু মুনশি বলেছেন, আমরা কথায় অনেক স্মার্ট, তবে কাজে তেমনটা নই। তাঁর এ বক্তব্যের সঙ্গে আপনি একমত?",,97,2,1
169,Prothomalo,25 January 2023,"দুদকের চেয়ারম্যান মোহাম্মদ মঈনউদ্দীন আবদুল্লাহ বলেছেন, দুর্নীতিতে অভিযুক্ত ব্যক্তি যে-ই হোক, তার বিরুদ্ধে অনুসন্ধান-তদন্ত করতে প্রস্তুত আছেন তাঁরা। আপনি কি তা মনে করেন?",,3,96,1
170,Prothomalo,24 January 2023,"জনবসতি নেই, এমন জায়গায়ও সেতু নির্মাণ করা হচ্ছে বলে ডিসি সম্মেলনে উল্লেখ করেছেন জেলা প্রশাসকেরা। অপ্রয়োজনে সরকারি অর্থ অপচয় করে অবকাঠামো নির্মাণ বন্ধে পদক্ষেপ নেওয়া হবে বলে আপনি কি মনে করেন?",,5,94,1
171,Prothomalo,23 January 2023,"বাসের মালিক পুলিশ, রাজনীতিবিদ ও শক্তিশালী মানুষেরা; তাই কিছু হয় না—জাতীয় পার্টির সংসদ সদস্য কাজী ফিরোজ রশীদের এই বক্তব্যের সঙ্গে আপনি কি একমত?",,99,1,0
172,Prothomalo,22 January 2023,সরকার শক্ত অবস্থান নিলে অর্থ পাচার ব্যাপকভাবে হতে পারে না—সাবেক আইনমন্ত্রী শফিক আহমেদের এই বক্তব্যের সঙ্গে আপনি কি একমত?,,99,1,0
173,Prothomalo,21 January 2023,এমপিওভুক্ত বেসরকারি শিক্ষাপ্রতিষ্ঠানের শিক্ষক ও কর্মচারীদের সরাসরি রাজনীতিতে যুক্ত হওয়ার সুযোগ বন্ধের কথা বলেছেন জেলা প্রশাসকেরা। আপনি কি তা সমর্থন করেন?,,95,5,0
174,Prothomalo,20 January 2023,তরলীকৃত প্রাকৃতিক গ্যাসের (এলএনজি) দাম খোলাবাজারে কমতির দিকে। এলএনজির দাম প্রতি ইউনিট ২৫ ডলারের নিচে নেমে এসেছে। অথচ গত বছর বিশ্ববাজারে এ দাম ৭০ ডলারে উঠেছিল। দামের এ নিম্নমুখী প্রবণতা দেশের বাজারে ইতিবাচক প্রভাব ফেলবে বলে মনে করেন কি?,,10,89,1
175,Prothomalo,19 January 2023,"বৈষয়িক দিক থেকে বাংলাদেশের অনেক উন্নয়ন হয়েছে, কিন্তু একই সঙ্গে পাল্লা দিয়ে মূল্যবোধের অবক্ষয় হয়েছে—নাট্যজন রামেন্দু মজুমদারের এই বক্তব্যের সঙ্গে আপনি কি একমত?",,95,3,2
176,Prothomalo,18 January 2023,সর্বোচ্চ গুরুত্ব দিয়ে রাজধানীতে চুরির বিরুদ্ধে ব্যবস্থা নিয়ে তা বন্ধ করার নির্দেশ দিয়েছেন ঢাকার পুলিশপ্রধান খন্দকার গোলাম ফারুক। পুলিশ চুরি বন্ধ করতে পারবে বলে আপনি কি মনে করেন?,,5,94,1
177,Prothomalo,17 January 2023,"সরকার নির্বাচনের সময় রুটিন সরকারের দায়িত্ব পালন করবে, নির্বাচনের কার্যক্রমে কোনো হস্তক্ষেপ করবে না—সড়ক পরিবহনমন্ত্রী ওবায়দুল কাদেরের এই কথামতো কাজ হবে বলে আপনি কি মনে করেন?",,7,92,1
178,Prothomalo,16 January 2023,সরকারি কর্ম কমিশনের (পিএসসি) পরীক্ষার প্রশ্নপত্র ফাঁসে ১০ বছরের সাজাসহ জালিয়াতির জন্য শাস্তি নিশ্চিতে নতুন আইন করা হয়েছে। এতে এসব পরীক্ষায় জালিয়াতি-প্রতারণা কমবে বলে আপনি কি মনে করেন?,,13,86,1
179,Prothomalo,15 January 2023,বিদেশে বাংলাদেশের সংসদ সদস্য-কর্মকর্তাদের বাড়ি-গাড়ির খবরের তদন্ত দাবি করেছেন জাতীয় পার্টির মহাসচিব মুজিবুল হক। এ বিষয়ে সুষ্ঠু তদন্ত হবে বলে আপনি কি মনে করেন?,,3,96,1
180,Prothomalo,14 January 2023,সরকার পরিবেশ ধ্বংস করে কোনো উন্নয়ন প্রকল্প করবে না—পরিকল্পনামন্ত্রী এম এ মান্নানের এই বক্তব্যে আপনি কি আস্থা রাখেন?,,6,93,1
181,Prothomalo,13 January 2023,মূল্যবৃদ্ধির মধ্য দিয়ে নিরবচ্ছিন্ন বিদ্যুৎ পাওয়ার নিশ্চয়তা নেই। দেশে সামগ্রিকভাবে বিদ্যুৎ উৎপাদন বাড়ালেও বিদ্যুৎ খাতের দক্ষতা বাড়েনি। বিদ্যুতের মূল্যবৃদ্ধি প্রসঙ্গে সিপিডির গবেষণা পরিচালক খন্দকার গোলাম মোয়াজ্জেম এমন মন্তব্য করেন। আপনি কি এর সঙ্গে একমত?,,98,2,0
182,Prothomalo,12 January 2023,পাবলিক বিশ্ববিদ্যালয়গুলোতে শিক্ষক এবং কর্মকর্তা-কর্মচারী নিয়োগে অনিয়ম দূর করতে পিএসসির আদলে একটি স্বতন্ত্র কমিশন গঠনের সুপারিশ করেছে ইউজিসি। আপনি কি তা সমর্থন করেন?,,91,7,2
183,Prothomalo,11 January 2023,সংঘাত এড়িয়ে অহিংস কর্মসূচির মাধ্যমে সরকার পতনের আন্দোলন চালিয়ে যাওয়ার লক্ষ্য নিয়েছে বিএনপি। এই পথে দলটি সফল হবে বলে আপনি মনে করেন কি?,,8,91,1
184,Prothomalo,10 January 2023,"অর্থমন্ত্রী আ হ ম মুস্তফা কামাল বলেছেন, অর্থ পাচার রোধ এবং পাচার করা অর্থ বাংলাদেশে ফেরত আনার বিষয়ে সরকারের সব সংস্থা একযোগে কাজ করে যাচ্ছে। পাচার করা অর্থ দেশে ফেরত আসবে বলে আপনি কি মনে করেন?",,79,21,0
185,Prothomalo,9 January 2023,"নির্বাচনে প্রার্থী হতে কেউ যাতে বাধার সম্মুখীন না হন, সে জন্য অনলাইনে মনোনয়নপত্র জমার বিধান করতে চায় নির্বাচন কমিশন। এটা সুফল আনবে বলে আপনি কি মনে করেন?",,84,13,3
186,Prothomalo,8 January 2023,সরকারের সদিচ্ছা থাকলে বিদেশে পাচার হওয়া অর্থের মধ্যে ১০-২০ হাজার কোটি টাকা ফেরত আনা সম্ভব—গবেষণা প্রতিষ্ঠান পলিসি রিসার্চ ইনস্টিটিউটের নির্বাহী পরিচালক আহসান এইচ মনসুরের এই বক্তব্যের সঙ্গে আপনি কি একমত?,,94,5,1
187,Prothomalo,7 January 2023,"বিদ্যুতের দাম বাড়ানোর প্রস্তাব দিয়ে বিতরণ কোম্পানিগুলো বলেছে, গ্রাহক বিদ্যুতের ব্যবহারে সাশ্রয়ী হলে তাঁদের মাসের খরচ বাড়বে না। এই বক্তব্য যৌক্তিক বলে আপনি কি মনে করেন?",,3,96,1
188,Prothomalo,6 January 2023,রমজানে নিত্যপণ্যের দাম বাড়বে না বলে আশ্বাস দিয়েছেন বাণিজ্যমন্ত্রী টিপু মুনশি। মন্ত্রীর এ আশ্বাসের পরও বাজার নিয়ন্ত্রণে থাকবে বলে মনে করেন কি?,,2,97,1
189,Prothomalo,5 January 2023,"পুলিশের মহাপরিদর্শক চৌধুরী আবদুল্লাহ আল-মামুন বলেছেন, থানা হবে জনগণের সেবা পাওয়ার ভরসাস্থল। পুলিশ সদস্যরা সেভাবে কাজ করবেন বলে আপনি কি আশাবাদী?",,4,95,1
190,Prothomalo,4 January 2023,"বিদেশিদের জ্ঞান খুবই সীমিত, বাংলাদেশ সম্পর্কে সবচেয়ে ভালো জ্ঞান রাখেন বাঙালিরা—পররাষ্ট্রমন্ত্রী এ কে আব্দুল মোমেনের এই বক্তব্যের সঙ্গে আপনি কি একমত?",,30,69,1
191,Prothomalo,3 January 2023,নির্বাচনে কোনো ধরনের অনিয়মকে একেবারেই প্রশ্রয় দেবে না নির্বাচন কমিশন (ইসি)—নির্বাচন কমিশনার মো. আহসান হাবিব খানের এ বক্তব্যের সঙ্গে আপনি কি একমত?,,17,82,1
192,Prothomalo,2 January 2023,"গণপরিবহনব্যবস্থা হয়ে উঠছে মোটরসাইকেল ও সিএনজিচালিত অটোরিকশানির্ভর, তাতে বেপরোয়াভাবে বাড়ছে সড়ক দুর্ঘটনা—যাত্রী কল্যাণ সমিতির এই বক্তব্যের সঙ্গে আপনি কি একমত?",,78,21,1
193,Prothomalo,1 January 2023,দলীয় সরকারের অধীনে সুষ্ঠু নির্বাচন করা যায় বলে মনে করেন নির্বাচন কমিশনার আনিছুর রহমান। আপনি কি তা মনে করেন?,,8,91,1