Date,Poll,Total voter,Yes(percent),No(percent),No comment(percent)
21 July 2023,নাগরিকদের তথ্য ফাঁস ঠেকাতে এখন দেশের সব সরকারি ওয়েবসাইটের নিরাপত্তাব্যবস্থা পর্যালোচনা করা উচিত—তথ্যপ্রযুক্তিবিষয়ক আইনের শিক্ষক মুহাম্মদ এরশাদুল করিমের এ বক্তব্যের সঙ্গে আপনি কি একমত?,0,97,2,1
20 July 2023,"ডেঙ্গু নিয়ন্ত্রণে ঢাকার দুই সিটি করপোরেশন যে তৎপরতা চালাচ্ছে, তা যথেষ্ট বলে কি আপনি মনে করেন?",0,2,97,1
19 July 2023,জাতীয় নির্বাচনের কারণে শিক্ষাবর্ষের কার্যক্রম নভেম্বরের মধ্যে শেষ করতে শিক্ষাপ্রতিষ্ঠানে গ্রীষ্মকালীন ছুটি বাতিল করেছে সরকার। আপনি কি তা সমর্থন করেন?,0,33,66,1
18 July 2023,ঢাকা–১৭ আসনের উপনির্বাচনের স্বতন্ত্র প্রার্থী আশরাফুল হোসেন ওরফে হিরো আলমের ওপর হামলায় জড়িত ব্যক্তিদের বিচার হবে বলে কি আপনি মনে করেন?,0,6,93,1
17 July 2023,জাতীয় নির্বাচনের মাত্র কয়েক মাস আগে ঢাকা-১৭ আসনের উপনির্বাচন হওয়ায় এখানে ভোটার উপস্থিতি কম বলে মনে করছেন আওয়ামী লীগের প্রার্থী মোহাম্মদ আলী আরাফাত। আপনি কি তা মনে করেন?,0,10,89,1
16 July 2023,অচেনা দুটি দলকে নিবন্ধন দেওয়ার সিদ্ধান্তে নির্বাচন কমিশনের প্রতি জনগণের আস্থা কমবে—সুজন সম্পাদক বদিউল আলম মজুমদারের এ বক্তব্যের সঙ্গে আপনি কি একমত?,0,92,7,1
15 July 2023,গরিব তাড়িয়ে বড়লোকদের আরও বড়লোক বানিয়েছে রাজউক—পরিকল্পনামন্ত্রীর এ বক্তব্যের সঙ্গে আপনি কি একমত?,0,98,1,1
14 July 2023,কর্ণফুলী টানেল পার হতে গাড়িভেদে সর্বনিম্ন ২০০ টাকা টোল যৌক্তিক বলে মনে করেন কি?,0,46,51,3
13 July 2023,ডেঙ্গুকে বড় আকারের সমস্যা হিসেবে দেখা হচ্ছে না বলে এটা নিয়ন্ত্রণে আসছে না—স্বাস্থ্য অধিদপ্তরের রোগনিয়ন্ত্রণ শাখার সাবেক পরিচালক অধ্যাপক বে-নজীর আহমেদের এ বক্তব্যের সঙ্গে আপনি কি একমত?,0,97,2,1
12 July 2023,"কাঁচা মরিচের অস্বাভাবিক দাম নিয়ে সমালোচনার মধ্যে বাণিজ্যমন্ত্রী টিপু মুনশি বলেছেন, ‘ঝড়-বৃষ্টিতে যদি কাঁচা মরিচ পচে যায়, তাহলে আমি কী করব?’ তাঁর এই বক্তব্য কি যৌক্তিক বলে আপনি মনে করেন?",0,7,91,2
11 July 2023,ভারতের সঙ্গে দ্বিপক্ষীয় বাণিজ্যে ডলারের পাশাপাশি রুপিতেও লেনদেন চালু হয়েছে—এটা ফলপ্রসূ হবে বলে আপনি কি মনে করেন?,0,34,62,4
10 July 2023,"বিদেশিরা যদি নির্বাচন পর্যবেক্ষণে না-ও আসেন, সেটি দেশের ক্ষতির কারণ হবে না –পররাষ্ট্রমন্ত্রী এ কে আব্দুল মোমেনের এই বক্তব্যের সঙ্গে আপনি কি একমত?",0,13,86,1
9 July 2023,"ওয়েবসাইটের দুর্বলতার কারণে নাগরিকদের তথ্য ফাঁস হয়েছে, এখানে দায় এড়ানোর সুযোগ নেই—তথ্য ও যোগাযোগ প্রযুক্তি প্রতিমন্ত্রী জুনাইদ আহমেদের এই বক্তব্যে আপনি কি সন্তুষ্ট?",0,69,30,1
8 July 2023,সিটি করপোরেশন ও সংশ্লিষ্ট সংস্থাগুলোর সমন্বয়হীনতা ও পূর্বপ্রস্তুতির ঘাটতির কারণে ডেঙ্গু পরিস্থিতি মারাত্মক রূপ নিয়েছে—টিআইবির এই বক্তব্যের সঙ্গে আপনি কি একমত?,0,97,2,1
7 July 2023,"ঈদুল আজহার ছুটির পর স্কুল–কলেজ খোলার আগে খেলার মাঠ, ভবন পরিষ্কারসহ ডেঙ্গুর জীবাণুবাহী এডিস মশার প্রজননস্থল ধ্বংস করতে বলেছে মাধ্যমিক ও উচ্চশিক্ষা অধিদপ্তর। শিক্ষাপ্রতিষ্ঠানগুলো তা করবে বলে আপনি কি মনে করেন?",0,7,92,1
6 July 2023,আন্তর্জাতিক ক্রিকেট থেকে তামিম ইকবালের অবসরের ঘোষণা ঠিক হয়েছে বলে আপনি কি মনে করেন?,0,34,64,2
5 July 2023,"ডেঙ্গু নিয়ন্ত্রণে শুধু সিটি করপোরেশন নয়, সরকারকেই মূল উদ্যোগ নিতে হবে—আইইডিসিআরের উপদেষ্টা মুশতাক হোসেনের এ বক্তব্যের সঙ্গে আপনি কি একমত?",0,95,4,1
4 July 2023,এ দেশে এখনো যেকোনো উৎসব ও ছুটি পুরুষের জন্য উপভোগ্য হলেও নারীর জন্য কাজের বোঝা—বাংলাদেশ মহিলা পরিষদের সভাপতি ফওজিয়া মোসলেমের এই বক্তব্যের সঙ্গে আপনি কি একমত?,0,38,61,1
3 July 2023,নির্বাচন এখন নির্বাচন কমিশনের হাত থেকে আইনশৃঙ্খলা রক্ষাকারী বাহিনীর নিয়ন্ত্রণে চলে গেছে।—সুশাসনের জন্য নাগরিক (সুজন) সম্পাদক বদিউল আলম মজুমদারের এই বক্তব্যের সঙ্গে কি আপনি একমত?,0,92,7,1
2 July 2023,ব্যয় সংকোচনে সরকারি দপ্তরে নতুন সব ধরনের যানবাহন কেনাকাটা বন্ধ করেছে সরকার। আপনি কি তা সমর্থন করেন?,0,95,4,1
1 July 2023,কাঁচা মরিচের দাম নিয়ন্ত্রণে সরকার কার্যকর পদক্ষেপ গ্রহণ করবে বলে মনে করেন কি?,0,14,84,2
27 June 2023,দেশে কর্মস্থলে নির্মাণশ্রমিকদের মৃত্যু ঠেকাতে বিশেষ উদ্যোগ নেওয়া হবে বলে মনে করেন কি?,0,6,93,1
26 June 2023,ঢাকায় ডেঙ্গুর জীবাণুবাহী এডিস মশা নিয়ন্ত্রণে এখনই বিশেষ পদক্ষেপ নেওয়া উচিত বলে আপনি মনে করেন কি?,0,96,3,1
25 June 2023,অস্বাভাবিক মূল্যবৃদ্ধির প্রেক্ষাপটে সরকার ভারত থেকে কাঁচা মরিচ আমদানির অনুমতি দিয়েছে। এতে মরিচের দাম কমবে বলে কি আপনি মনে করেন?,0,82,16,2
24 June 2023,দেশে অবৈধ মুঠোফোন বন্ধে কার্যকর উদ্যোগ নেওয়া হবে বলে মনে করেন কি?,0,6,92,2
23 June 2023,টিসিবির পণ্য বিক্রিতে অসংগতি দূর করতে এক কোটি উপকারভোগীকে স্মার্ট কার্ড দিচ্ছে সরকার। এতে সুফল পাওয়া যাবে বলে আপনি মনে করেন কি?,0,16,82,2
22 June 2023,ঢাকায় অবকাঠামো তৈরিতে বিনিয়োগ করা হলেও এই শহরকে বাসযোগ্য করায় গুরুত্ব দেওয়া হয়নি—নগর পরিকল্পনাবিদ আদিল মুহাম্মদ খানের এই বক্তব্যের সঙ্গে আপনি কি একমত?,0,98,2,0
21 June 2023,দুর্ঘটনার জন্য মোটরসাইকেল বন্ধ না করে এ বিষয়ে নজরদারি বাড়ানোর দাবি জানিয়েছেন সংশ্লিষ্ট ব্যক্তিরা। আপনি কি তাঁদের সঙ্গে একমত?,0,87,12,1
20 June 2023,আগামী জুন মাসের মধ্যে ঋণের কিস্তির অর্ধেক টাকা জমা দিলেই একজন গ্রাহককে খেলাপি হিসেবে চিহ্নিত করা যাবে না—বাংলাদেশ ব্যাংকের এই সিদ্ধান্ত যৌক্তিক বলে কি আপনি মনে করেন?,0,11,88,1
19 June 2023,ঢাকা উত্তর সিটি করপোরেশনের ৮টি কোরবানির পশুর হাটে ডিজিটাল পদ্ধতিতে লেনদেনের ব্যবস্থা করা হয়েছে। অন্যান্য জায়গায়ও এটা করা উচিত বলে কি আপনি মনে করেন?,0,90,8,2
18 June 2023,"ইবাদত, তাসকিনদের হাত ধরে বাংলাদেশের পেস বোলিংয়ের দুর্বলতা কাটছে বলে কি আপনি মনে করেন?",0,85,12,3
17 June 2023,ডেঙ্গু জ্বরের জন্য দায়ী এডিস মশা নিধনে ঢাকার দুই সিটি করপোরেশনের উদ্যোগ যথেষ্ট বলে মনে করেন কি?,0,2,97,1
16 June 2023,দেশে সব কিছু মিলিয়ে একটি ভয়ের সংস্কৃতি তৈরি হয়েছে —অধ্যাপক সিরাজুল ইসলাম চৌধুরীর এই বক্তব্যের সঙ্গে আপনি কি একমত?,0,95,4,1
15 June 2023,দেশে এখন ডিজিটাল ব্যাংক করার প্রয়োজন আছে বলে আপনি মনে করেন কি?,0,54,44,2
14 June 2023,বাজার ব্যবস্থাপনার ক্ষেত্রে চরম দুর্বলতার কারণে জিনিসপত্রের দাম একেবারেই লাগামছাড়া—বাংলাদেশের ওয়ার্কার্স পার্টির সভাপতি রাশেদ খান মেননের এই বক্তব্যের সঙ্গে আপনি কি একমত?,0,97,2,1
13 June 2023,পবিত্র ঈদুল আজহার ছুটি এক দিন বাড়িয়ে চার দিন করার সুপারিশ করেছে আইন–শৃঙ্খলাবিষয়ক মন্ত্রিসভা কমিটি। আপনি কি তা সমর্থন করেন?,0,85,14,1
12 June 2023,বেসিক ব্যাংকে ঋণ অনিয়মের প্রায় এক দশক পর ব্যাংকটির সাবেক চেয়ারম্যান শেখ আবদুল হাই বাচ্চুসহ ১৪৭ জনকে আসামি করে অভিযোগপত্র অনুমোদন দিয়েছে দুদক। এ ঘটনায় দায়ী ব্যক্তিদের শাস্তি হবে বলে আপনি মনে করেন কি?,0,5,94,1
11 June 2023,"নির্বাচন কমিশনার মো. আহসান হাবিব খান বলেছেন, বরিশাল ও খুলনা সিটি করপোরেশনের নির্বাচন গাজীপুরের নির্বাচনের চেয়ে ভালো হবে। আপনি কি তা মনে করেন?",0,11,87,2
10 June 2023,সিলেট সিটি করপোরেশন নির্বাচনকে কেন্দ্র করে অস্ত্রের মহড়া দেওয়া ব্যক্তিদের শাস্তি নিশ্চিত করা সম্ভব হবে বলে মনে করেন কি?,0,5,94,1
9 June 2023,সড়ক দুর্ঘটনার প্রায় অর্ধেক মামলায় চালক শনাক্ত না হওয়ার জন্য তদন্তে ঘাটতির কথা বলেছেন পুলিশের সাবেক অতিরিক্ত মহাপরিদর্শক মোখলেসুর রহমান। আপনি কি তা মনে করেন?,0,91,8,1
8 June 2023,"জাতীয় নির্বাচন সামনে রেখে সরকারের কোনো সংস্থা যেন কারও বিরুদ্ধে হয়রানিমূলক মামলা না করে, তা নিশ্চিতে সরকারকে প্রস্তাব দেবে নির্বাচন কমিশন। আপনি কি তা সমর্থন করেন?",0,92,5,3
7 June 2023,গরমের কারণে স্কুল ছুটির বিষয়ে তিন দফায় সিদ্ধান্ত দেওয়া হয়েছে—এখানে সমন্বয়হীনতা রয়েছে বলে আপনি কি মনে করেন?,0,96,3,1
6 June 2023,সবাইকে ধৈর্য ধরার আহ্বান জানিয়ে সপ্তাহ দুয়েকের মধ্যে বিদ্যুৎ পরিস্থিতি স্বাভাবিক করার আশ্বাস দিয়েছেন প্রতিমন্ত্রী নসরুল হামিদ। এ সময়ে বিদ্যুৎ–সংকট কাটবে বলে আপনি কি মনে করেন?,0,12,83,5
5 June 2023,নতুন আইনে বিদেশে ঘুরতে গেলেই এনবিআরে সম্পদের বিবরণী জমা দেওয়া বাধ্যতামূলক করা হচ্ছে—আপনি কি তা সমর্থন করেন?,0,12,69,19
4 June 2023,"গরমে শিশুরা অসুস্থ হয়ে যেতে পারে, তাই সব স্কুল কিছুদিন বন্ধ রাখলে ভালো হয়—শিশুরোগবিশেষজ্ঞ মোহাম্মদ সহিদুল্লার এ বক্তব্যের সঙ্গে আপনি কি একমত?",0,97,3,0
3 June 2023,বাজেটে কলমের দাম বাড়ানোর প্রস্তাব পুনর্বিবেচনা করা হবে বলে আশা করছেন শিক্ষামন্ত্রী দীপু মনি। আপনি কি তা মনে করেন?,0,19,79,2
2 June 2023,ব্যক্তিশ্রেণির করদাতাদের করমুক্ত আয়সীমা সাড়ে তিন লাখ টাকা করা যৌক্তিক বলে মনে করেন কি?,0,85,13,2
1 June 2023,বাজেটে দেশে উৎপাদিত মুঠোফোনের ওপর মূল্য সংযোজন কর (ভ্যাট) বাড়ানোর প্রস্তাব করা হয়েছে—আপনি কি তা সমর্থন করেন?,0,13,86,1
31 May 2023,"প্রশাসনে তেজ বেড়েছে, তবে গভীরতা কমেছে—পরিকল্পনামন্ত্রী এম এ মান্নানের এই বক্তব্যের সঙ্গে আপনি কি একমত?",0,93,4,3
30 May 2023,"পবিত্র ঈদুল আজহায় ট্রেনের অগ্রিম টিকিট শতভাগ অনলাইনে বিক্রি করার সিদ্ধান্ত নিয়েছে রেল কর্তৃপক্ষ, আপনি কি তা সমর্থন করেন?",0,83,16,1
29 May 2023,নতুন সরকারি বিশ্ববিদ্যালয় স্থাপনে আইন পাসের পরপরই ভাড়া করা বাড়ি বা যেখানে-সেখানে শিক্ষা কার্যক্রম চালুর সুযোগ বন্ধের উদ্যোগ নিয়েছে ইউজিসি—আপনি কি তা সমর্থন করেন?,0,95,4,1
28 May 2023,সুশাসনের অভাবে বেসরকারি ব্যাংকে খেলাপি ঋণ বাড়ছে—অ্যাসোসিয়েশন অব ব্যাংকার্স বাংলাদেশের সাবেক চেয়ারম্যান আনিস এ খানের এ বক্তব্যের সঙ্গে আপনি একমত?,0,97,2,1
27 May 2023,জাতীয় পরিচয়পত্র থাকলেই আয়কর রিটার্ন দাখিলের পক্ষে পররাষ্ট্রমন্ত্রী এ কে আব্দুল মোমেন—তাঁর এই অবস্থানের সঙ্গে আপনি কি একমত?,0,6,93,1
26 May 2023,"ভোটকেন্দ্র কোথায় কোথায় হবে, তা নির্ধারণে নির্বাচন কমিশনের সঙ্গে প্রশাসন ও পুলিশ কর্মকর্তাদের যুক্ত করার উদ্যোগ নেওয়া হয়েছে। আপনি কি তা সমর্থন করেন?",0,12,86,2
25 May 2023,"পেঁয়াজের মূল্যবৃদ্ধির পেছনে ‘সিন্ডিকেট’ আছে কি না, তা খতিয়ে দেখার কথা বলেছেন পরিকল্পনামন্ত্রী এম এ মান্নান। আসলেই তা করা হবে বলে আপনি কি মনে করেন?",0,4,96,0
24 May 2023,কর দিতে হয় না বলে সম্পদশালীরা প্লট কিনছেন। তাতে ঢাকার পূর্বাচল হয়ে উঠছে কর ফাঁকির অভয়ারণ্য—পিআরআইয়ের নির্বাহী পরিচালক আহসান এইচ মনসুরের এই বক্তব্যের সঙ্গে আপনি কি একমত?,0,97,2,1
23 May 2023,করযোগ্য আয় না থাকলেও ন্যূনতম কর দেওয়া বাধ্যতামূলক করা সংগত হবে বলে আপনি কি মনে করেন?,0,6,93,1
22 May 2023,শহরের শিক্ষক-অভিভাবকেরা ভালো ফলের জন্য চাপ দিয়ে শিক্ষার্থীদের জীবন বিপন্ন করে দিচ্ছেন—শিক্ষা উপমন্ত্রী মহিবুল হাসান চৌধুরীর এ বক্তব্যের সঙ্গে আপনি কি একমত?,0,92,7,1
21 May 2023,"ভোট হবে কিন্তু ভোটার কেন্দ্রে যাবেন না, এটা যেন রীতি হয়ে গেছে—স্থানীয় সরকার বিশেষজ্ঞ তোফায়েল আহমেদের এই বক্তব্যের সঙ্গে আপনি কি একমত?",0,95,4,1
20 May 2023,দেশে বজ্রপাতে প্রাণহানি কমাতে দ্রুত কার্যকর পদক্ষেপ গ্রহণের উদ্যোগ নেওয়া হবে বলে মনে করেন কি?,0,5,94,1
19 May 2023,"ওয়ানডে বিশ্বকাপের এখনো চার মাস বাকি। তাই দলে কে থাকবে না থাকবে, তা নিয়ে এখনই আলোচনার পক্ষে নন প্রধান নির্বাচক মিনহাজুল আবেদীন। আপনি কি তাঁর সঙ্গে একমত?",0,26,71,3
18 May 2023,"নির্বাচনে আইনের পরিপন্থী কাজ করলে, তিনি যে ব্যক্তিই হোন, তাঁকে আইনের আওতায় আনতে যথাযথ পদক্ষেপ নেওয়া হবে—ইসি সচিব মো. জাহাংগীর আলমের এই কথায় আপনি কি আস্থা রাখেন?",0,4,95,1
17 May 2023,দুই চুলায় মাসিক গ্যাসের বিল ৫১২ টাকা এবং এক চুলায় ৩৯০ টাকা বাড়াতে নিয়ন্ত্রক সংস্থা বিইআরসিতে প্রস্তাব দিয়েছে তিতাস গ্যাস। আপনি কি তা সমর্থন করেন?,0,9,90,1
16 May 2023,"বাণিজ্যমন্ত্রী বলেছেন, কিছু অসৎ ব্যবসায়ী বেশি দরে তেল-চিনি বিক্রি করছেন—এই ব্যবসায়ীদের বিরুদ্ধে শাস্তিমূলক ব্যবস্থা নেওয়া হবে বলে মনে করেন কি?",0,4,95,1
15 May 2023,"সব জায়গায় কৃচ্ছ্রসাধন দরকার উল্লেখ করে পরিকল্পনামন্ত্রী এম এ মান্নান বলেছেন, বড় কর্মকর্তার (অফিসার) বড় গাড়ি, বড় বাড়ি—এসব জায়গায় বদল আনতে হবে। এই পরিবর্তন হবে বলে আপনি কি মনে করেন?",0,6,93,1
14 May 2023,"নিত্যপণ্যের দাম বাড়ার ক্ষেত্রে কিছু ব্যবসায়ীও সুযোগ নিচ্ছেন, তাঁদের সামাল দিতে আমরা সর্বাত্মক চেষ্টা করছি— বাণিজ্যমন্ত্রী টিপু মুনশির এই কথায় আপনি কি সন্তুষ্ট?",0,3,97,0
13 May 2023,"বিএনপিকে নির্বাচনে আসার আহ্বান জানিয়ে আওয়ামী লীগের সাধারণ সম্পাদক ওবায়দুল কাদের বলেছেন, ‘সেইফ এক্সিট’ কারা নেবে, জনগণই তা নির্ধারণ করবে। আপনি কি তাঁর এই বক্তব্যের সঙ্গে একমত?",0,9,89,2
12 May 2023,হবিগঞ্জের সাতছড়ি জাতীয় উদ্যানে আইন ভেঙে পাকা স্থাপনা নির্মাণে জড়িতদের যথাযথ শাস্তি নিশ্চিত করা সম্ভব হবে বলে মনে করেন কি?,0,4,95,1
11 May 2023,বাজারে তদারকি বাড়ালে সরকার নির্ধারিত দামে চিনি বিক্রি হবে বলে আপনি কি মনে করেন?,0,13,86,1
10 May 2023,রাজধানীর কল্যাণপুর জলাধারের বেদখলে থাকা জায়গা যেকোনো মূল্যে উদ্ধার করা হবে—মেয়র আতিকুল ইসলামের এ বক্তব্যে আপনার আস্থা আছে কি?,0,48,50,2
9 May 2023,বিভিন্ন স্থানে প্রশাসনের বেঁধে দেওয়া সময় অনুযায়ী গাছ থেকে আম পাড়া নিশ্চিত করা সম্ভব হবে বলে মনে করেন কি?,0,7,92,1
8 May 2023,গভীর রাতে ধানমন্ডির সাতমসজিদ সড়কে গাছ কেটে ফেলা নাগরিকদের কাছে জবাবদিহি না থাকার ফল—গাছ রক্ষার দাবিতে আন্দোলনরত ব্যক্তিদের এ অভিযোগের সঙ্গে আপনি কি একমত?,0,96,3,1
7 May 2023,"পাচার করা টাকা কেউ ফেরত আনেনি, তাই আইনের প্রয়োগ বাড়িয়ে বিদেশে টাকা পাচার রোধ করা উচিত—সিপিডির বিশেষ ফেলো মোস্তাফিজুর রহমানের এই পরামর্শ অনুযায়ী কাজ হবে বলে আপনি কি মনে করেন?",0,8,91,1
6 May 2023,পাঁচ সিটি করপোরেশনের নির্বাচনের পরিবেশ নিজেদের নিয়ন্ত্রণে রাখতে এবার আগেভাগেই তৎপরতা শুরু করেছে নির্বাচন কমিশন (ইসি)। তাদের এ তৎপরতা শেষ পর্যন্ত কার্যকর হবে বলে আপনি কি মনে করেন?,0,6,93,1
5 May 2023,"বাংলাদেশে ভূমিকম্পের ঝুঁকি মোকাবিলার বেশির ভাগ সিদ্ধান্ত ও উদ্যোগ কাগজে-কলমে সীমাবদ্ধ রয়েছে, বাস্তবে গুরুত্ব পাচ্ছে কম—ভূতত্ত্বের অধ্যাপক সৈয়দ হুমায়ুন আখতারের এই বক্তব্যের সঙ্গে আপনি কি একমত?",0,99,1,0
4 May 2023,যেকোনো দেশের দুর্নীতিবাজ ব্যক্তিদের কালো তালিকাভুক্ত করে ইউরোপীয় ইউনিয়নে নিষিদ্ধ করা হচ্ছে। এতে দেশে দেশে দুর্নীতি কমবে বলে আপনি কি মনে করেন?,0,29,69,2
3 May 2023,"সড়কে আইন ভাঙলে কিছু হবে না, এটা জানে বলেই দেশে মানুষ আইন মানে না—নিরাপদ সড়ক চাইয়ের চেয়ারম্যান ইলিয়াস কাঞ্চনের এই বক্তব্যের সঙ্গে আপনি কি একমত?",0,98,2,0
2 May 2023,"মতপ্রকাশের স্বাধীনতা নিশ্চিত করার আহ্বান জানিয়ে অধ্যাপক গীতি আরা নাসরীন বলেছেন, দেশে সাংবাদিকতা এখন এতটা খারাপ অবস্থায় আছে, যা আগে কখনো দেখা যায়নি। আপনি কি তা মনে করেন?",0,92,7,1
30 April 2023,ভোজ্যতেলের দাম না বাড়িয়ে ব্যবসায়ীদের জন্য ভ্যাট ছাড় অব্যাহত রাখা যৌক্তিক হবে বলে আপনি কি মনে করেন?,0,86,12,2
29 April 2023,বিএনপি কোনো কৌশলেই সিটি করপোরেশন নির্বাচনে অংশ নিচ্ছে না বলে জানিয়ে দিয়েছেন দলটির মহাসচিব মির্জা ফখরুল ইসলাম আলমগীর। বিএনপি এ অবস্থান ধরে রাখতে পারবে বলে মনে করেন কি?,0,83,15,2
28 April 2023,"এ দেশে যাঁরা ভিন্নভাবে ভাবেন, ক্ষমতার বাইরে গিয়ে ভাবেন, তাঁদের সব সময় নানা চ্যালেঞ্জের মুখে থাকতে হয়—বেলার প্রধান নির্বাহী সৈয়দা রিজওয়ানা হাসানের এই বক্তব্যের সঙ্গে আপনি কি একমত?",0,97,2,1
27 April 2023,কক্সবাজারে আশ্রয় নেওয়া রোহিঙ্গাদের শুধু টেলিটকের নেটওয়ার্কের আওতায় আনলে তা অপরাধ নিয়ন্ত্রণে সহায়ক হবে বলে আপনি কি মনে করেন?,0,55,41,4
26 April 2023,বিদ্যুৎ–জ্বালানি খরচ কমাতে সব ব্যাংককে জরুরি ছাড়া সভা অনলাইনে করার নির্দেশ দিয়েছে কেন্দ্রীয় ব্যাংক। এ সিদ্ধান্ত ফলপ্রসূ হবে বলে আপনি কি মনে করেন?  ,0,54,44,2
25 April 2023,তিতাস গ্যাসের মেয়াদোত্তীর্ণ পাইপলাইন পাল্টে নতুন লাইন বসানো উচিত—বুয়েটের শিক্ষক মো. ইয়াসির আরাফাত খানের এই পরামর্শ অনুযায়ী কাজ করা হবে বলে আপনি কি আশাবাদী?,0,10,89,1
24 April 2023,"দুর্যোগ ব্যবস্থাপনা ও ত্রাণ প্রতিমন্ত্রী মো. এনামুর রহমান বলেছেন, ঝুঁকিপূর্ণ মার্কেট নিয়ে ফায়ার সার্ভিস ও সিভিল ডিফেন্স অধিদপ্তর জরিপ করে যে সুপারিশ দিয়েছে, তা বাস্তবায়ন করার জন্য সর্বোচ্চ আইন ও শক্তি প্রয়োগ করা হবে। এটা হবে বলে আপনি কি মনে করেন?",0,5,94,1
20 April 2023,পাঁচ সিটি নির্বাচন প্রতিদ্বন্দ্বিতামূলক ও গ্রহণযোগ্য করতে না পারলে নির্বাচন কমিশনের প্রতি আস্থার সংকট আরও বাড়বে—নির্বাচন পর্যবেক্ষক মুনিরা খানের এই বক্তব্যের সঙ্গে আপনি কি একমত?,0,93,5,2
19 April 2023,সমন্বিত ভর্তি পরীক্ষার (গুচ্ছ) আবেদন ফি ১৫০০ থেকে কমিয়ে ৫০০ টাকা করার প্রস্তাব করেছে জগন্নাথ বিশ্ববিদ্যালয় শিক্ষক সমিতি। তাদের এই প্রস্তাব মেনে নেওয়া উচিত বলে আপনি মনে করেন?,0,95,4,1
18 April 2023,"বঙ্গবাজার, নিউ সুপার মার্কেটে আগুনসহ প্রতিটি বড় অগ্নিকাণ্ডের কারণ খুঁজে বের করা এবং এসব ঘটনায় সংশ্লিষ্টদের গাফিলতি আছে কি না, তা খতিয়ে দেখতে উচ্চ ক্ষমতাসম্পন্ন তদন্ত কমিশন গঠনের দাবি জানিয়েছেন ২৮ জন বিশিষ্ট নাগরিক। আপনি কি তা সমর্থন করেন?",0,95,4,1
17 April 2023,"সাধারণ সম্পাদক ক্ষমতার অপব্যবহার করেছেন, তাঁর অফিস ভুল করেছে, এখানে সভাপতি হিসেবে তাঁর দায় নেওয়ার কিছু নেই।—এ কথা বলে বাফুফে সভাপতি কাজী সালাউদ্দিন দায় এড়াতে পারেন বলে আপনি মনে করেন কি?",0,2,97,1
16 April 2023,এবার ঈদযাত্রায় ফিটনেসবিহীন গাড়ির বিরুদ্ধে অভিযানসহ সড়কে শৃঙ্খলা নিশ্চিত করতে মাঠপর্যায়ের পুলিশ কর্মকর্তাদের নির্দেশ দিয়েছে পুলিশ সদর দপ্তর। এতে সড়কে ফিটনেসবিহীন গাড়ি চলাচল কমবে বলে আপনি কি মনে করেন?,0,4,95,1
15 April 2023,টঙ্গীতে ঢাকা-ময়মনসিংহ মহাসড়কে চলমান বাস র‍্যাপিড ট্রানজিট (বিআরটি) প্রকল্পের একটি ক্রেন উল্টে শনিবার শিশুসহ তিনজন আহত হয়েছেন। এর আগে গত বছর উত্তরায় একটি প্রাইভেট কারের ওপর গার্ডার ধসে পাঁচজন নিহত হন। এসব ঘটনায় নিরাপত্তা নিশ্চিত করার বিষয়ে সংশ্লিষ্ট কর্তৃপক্ষের অবহেলা রয়েছে বলে মনে করেন কি?,0,99,1,0
13 April 2023,"আগামী ৫ থেকে ১০ বছরের জন্য বিনা প্রশ্নে ফ্ল্যাট, প্লট কিনে কালোটাকা সাদা করার সুযোগ বহাল রাখার দাবি জানিয়েছে ব্যবসায়ীদের শীর্ষ সংগঠন এফবিসিসিআই। আপনি কি তা সমর্থন করেন?",0,11,88,1
12 April 2023,নির্বাচনের খবর সংগ্রহে সাংবাদিকদের মোটরসাইকেল ব্যবহারের অনুমতি দেবে না নির্বাচন কমিশন। আপনি কি তা সমর্থন করেন?,0,7,92,1
11 April 2023,জাতীয় নির্বাচনের আগে দলগুলোর নিবন্ধনের শর্ত যাচাই করতে গেলে বিতর্ক তৈরি হতে পারে—এ আশঙ্কায় শর্ত যাচাইয়ের সিদ্ধান্ত থেকে নির্বাচন কমিশনের সরে আসা যৌক্তিক বলে মনে করেন কি?,0,12,85,3
10 April 2023,এবার ঈদযাত্রায় অনিয়ম হলে ব্যবস্থা নেবে জাতীয় ভোক্তা অধিকার সংরক্ষণ অধিদপ্তর। এতে যাত্রী হয়রানি বন্ধ হবে বলে আপনি কি মনে করেন?,0,6,93,1
9 April 2023,"১০ বছর পর ঘটা করে জনশুমারি নয়, প্রতিবছর জনসংখ্যার হালনাগাদ তথ্য প্রকাশ করতে বিবিএসকে নির্দেশ দিয়েছেন সরকারের দুই মন্ত্রী। আপনি কি তা সমর্থন করেন?",0,91,7,2
8 April 2023,ঈদযাত্রায় ট্রেনের অগ্রিম টিকিট বিক্রির প্রথম দিনে ৩ থেকে ৫ মিনিটের মধ্যে উত্তরবঙ্গের টিকিট শেষ হয়ে যায়—এটা স্বাভাবিক বলে মনে করেন কি?,0,15,84,1
7 April 2023,খেলোয়াড়দের মানসিকতার উন্নতির কারণেই সাফল্য পাচ্ছে বাংলাদেশ দল—সাকিব আল হাসানের এই বক্তব্যের সঙ্গে আপনি কি একমত?,0,88,9,3
6 April 2023,"বড় দলগুলো একেবারেই অংশগ্রহণ না করলে নির্বাচনের ‘লিগ্যালিটি’ নিয়ে সংকট হবে না, কিন্তু ‘লেজিটিমেসি’ শূন্যের কোঠায় চলে যেতে পারে—সিইসি কাজী হাবিবুল আউয়ালের এ বক্তব্যের সঙ্গে আপনি কি একমত?",0,35,60,5
5 April 2023,"বঙ্গবাজারকে চার বছর আগে ঝুঁকিপূর্ণ ঘোষণা করে ফায়ার সার্ভিস, তারপরও এ ব্যাপারে পদক্ষেপ না নেওয়ায় দায়ীদের বিরুদ্ধে ব্যবস্থা নেওয়া হবে বলে মনে করেন কি?",0,3,96,1
4 April 2023,"আগামী জাতীয় সংসদ নির্বাচন কেমন হবে, তার ওপর বাংলাদেশে গণতন্ত্রের ভবিষ্যৎ অনেকটা নির্ভর করবে। — সুজন সম্পাদক বদিউল আলম মজুমদারের এই বক্তব্যের সঙ্গে আপনি কি একমত?",0,91,8,1
3 April 2023,আগামী জাতীয় সংসদ নির্বাচনে ইভিএম ব্যবহারের সিদ্ধান্ত থেকে সরে এসেছে নির্বাচন কমিশন। ৩০০ আসনেই ভোট হবে কাগজের ব্যালটে। এ সিদ্ধান্ত নির্বাচন নিয়ে মানুষের আগ্রহ বাড়াবে বলে মনে করেন কি?,0,15,82,3
2 April 2023,ঈদযাত্রায় ভোগান্তি কমাতে সরকারি ছুটি এক দিন বাড়ানোর দাবি জানিয়েছে যাত্রী কল্যাণ সমিতি। আপনি কি তা সমর্থন করেন?,0,90,9,1
1 April 2023,কয়েক দিন ধরে কক্সবাজার সৈকতে ভেসে আসছে মৃত জেলিফিশ। এর কারণ অনুসন্ধান করে জীববৈচিত্র্য রক্ষায় কার্যকর ব্যবস্থা নেওয়া হবে বলে মনে করেন কি?,0,14,84,2
31 March 2023,পবিত্র ঈদের সময় পদ্মা সেতু দিয়ে মোটরসাইকেল চলাচল করতে দেওয়া উচিত বলে মনে করেন?,0,80,19,1
30 March 2023,"বেসরকারি গবেষণা প্রতিষ্ঠান সানেমের জরিপের তথ্য বলছে, নিম্ন আয়ের ৭১% পরিবার কম খাচ্ছে—আপনিও কি তাই মনে করেন?",0,96,3,1
29 March 2023,ডিজিটাল নিরাপত্তা আইনের মাধ্যমে সংবাদকর্মী ও মুক্ত মত প্রকাশকারী ব্যক্তিরা ক্রমাগতভাবে নিপীড়ন ও নির্যাতনের শিকার হচ্ছেন—সম্পাদক পরিষদের এই বক্তব্যের সঙ্গে আপনি কি একমত?,0,94,5,1
28 March 2023,"ঢাকা বিশ্ববিদ্যালয় ক্যাম্পাসে ‘প্রলয় গ্যাং’ তৈরি করে এক দল শিক্ষার্থী যেসব অপকর্ম করে আসছিলেন, তাতে বিশ্ববিদ্যালয় প্রশাসনের দায় আছে বলে আপনি কি মনে করেন?",0,98,1,1
27 March 2023,ঈদের ছুটিতে এক দিনে অতিরিক্ত যাত্রীর চাপ কমানোর জন্য ঈদের দুই-তিন দিন আগে শ্রমিকদের ছুটি দিতে কারখানাগুলোর প্রতি নির্দেশনা দিয়েছে বিজিএমইএ। কারখানামালিকেরা তা করবেন বলে আপনি কি মনে করেন?,0,10,89,1
26 March 2023,‘আমরা একটা রুচির দুর্ভিক্ষের মধ্যে পড়ে গেছি।’—হিরো আলম প্রসঙ্গে সাংস্কৃতিক ব্যক্তিত্ব মামুনুর রশীদের এই বক্তব্যের সঙ্গে আপনি কি একমত?,0,79,19,2
25 March 2023,চিনির আমদানি শুল্ক কমলেও দামে প্রভাব নেই—দাম কমাতে কার্যকর উদ্যোগ নেওয়া হবে বলে মনে করেন কি?,0,4,95,1
24 March 2023,বিশ্ববাজারে ভোগ্যপণ্যের দাম কমার সুফল দেশে নিশ্চিত করার জন্য সরকার কার্যকর উদ্যোগ নেবে বলে মনে করেন কি?,0,4,95,1
23 March 2023,আগামী জাতীয় নির্বাচন নিয়ে আলোচনা ও মতবিনিময়ের জন্য বিএনপিকে আমন্ত্রণ জানিয়েছে নির্বাচন কমিশন। বিএনপির এ আহ্বানে সাড়া দেওয়া উচিত হবে বলে কি আপনি মনে করেন?,0,18,80,2
22 March 2023,"যাঁদের সন্ত্রাস, চাঁদাবাজি, সিট-বাণিজ্য ও মাদকের মানসিকতা আছে, তাঁদের ছাত্রলীগ থেকে বাদ দেওয়ার নির্দেশ দিয়েছেন আওয়ামী লীগের সাধারণ সম্পাদক ওবায়দুল কাদের। ছাত্রলীগ এই নির্দেশনা মেনে চলবে বলে আপনি মনে করেন কি?",0,3,96,1
21 March 2023,ঈদযাত্রায় ট্রেনের সব টিকিট অনলাইনে বিক্রির সিদ্ধান্তের সঙ্গে আপনি কি একমত?,0,79,19,2
20 March 2023,দেশে নিরাপদ সড়ক নিশ্চিত করতে সরকারের সংশ্লিষ্ট দপ্তরগুলোর উদ্যোগ যথেষ্ট বলে মনে করেন কি?,0,2,97,1
19 March 2023,চলাচলের অনুমতি না থাকলেও যাত্রী পরিবহন করে আসা ইমাদ পরিবহনের বাস দুর্ঘটনায় ১৯ জনের মৃত্যুর দায় তদারকি সংস্থা এড়াতে পারে বলে আপনি মনে করেন কি?,0,3,96,1
18 March 2023,রবিউল ইসলাম ওরফে আরাভ খানকে দুবাই থেকে দেশে ফিরিয়ে বিচারের আওতায় আনা সম্ভব হবে বলে মনে করেন কি?,0,7,91,2
17 March 2023,পবিত্র রমজানে নিত্যপণ্যের দাম নিয়ন্ত্রণে রাখতে কার্যকর উদ্যোগ নেওয়া হবে বলে মনে করেন কি?,0,3,96,1
16 March 2023,সেন্ট মার্টিন দ্বীপ রক্ষায় সরকার উদ্যোগী হবে বলে কি আপনি মনে করেন?,0,5,94,1
15 March 2023,রাজধানীতে ভূমিকম্প হলে ধসে পড়ার ঝুঁকিতে রয়েছে ৯ লাখ ভবন—এগুলোর বিষয়ে রাজউক কার্যকর কোনো উদ্যোগ নেবে বলে মনে করেন কি?,0,2,97,1
14 March 2023,বাংলাদেশ দলই এখন ফিল্ডিংয়ে এশিয়ার সেরা।—সাকিব আল হাসানের এই দাবির সঙ্গে আপনি কি একমত?,0,11,87,2
13 March 2023,রোজায় বাজারে অস্থিরতা দেখা দিলে আইনি ব্যবস্থা নিতে জেলা প্রশাসকদের নির্দেশ দিয়েছে সরকার। আপনি কি মনে করেন এতে কাজ হবে?,0,4,95,1
12 March 2023,"‘বাংলাদেশের জনগণ কখনো ভুল ভোট দেয় না, তাই এসব নিয়ে যুক্তরাজ্যের দুশ্চিন্তার কোনো কারণ নেই।’—পররাষ্ট্রমন্ত্রী এ কে আব্দুল মোমেনের এই বক্তব্যের সঙ্গে আপনি কি একমত?",0,7,92,1
11 March 2023,রাজধানীতে ভূমিকম্পসহনীয় ভবন নির্মাণ নিশ্চিত করতে রাজউক যথাযথ তদারকির উদ্যোগ নেবে বলে মনে করেন কি?,0,2,97,1
10 March 2023,ব্রয়লার মুরগিসহ সব ধরনের মাংসের দাম সহনীয় পর্যায়ে রাখতে সরকার যথাযথ উদ্যোগ নেবে বলে মনে করেন কি?,0,3,96,1
9 March 2023,‘দুর্ঘটনায় দায়ী ব্যক্তির শাস্তির জন্য ব্যস্ত হলেও আমরা এর মূল কারণ খুঁজে সমাধানের চেষ্টা করি না। তাতে একই ধরনের দুর্ঘটনা বারবার ঘটতে থাকে।’ বুয়েটের অধ্যাপক সৈয়দা সুলতানা রাজিয়ার এই বক্তব্যের সঙ্গে আপনি কি একমত?,0,99,1,0
8 March 2023,সিদ্দিকবাজারে বিস্ফোরণের সম্ভাব্য পাঁচটি কারণের কথা বলেছে পুলিশের সিটিটিসি ইউনিটের বোমা নিষ্ক্রিয়করণ দল। এগুলো আমলে নিয়ে রাজধানীর ঝুঁকিপূর্ণ ভবনগুলোর বিষয়ে কর্তৃপক্ষ কার্যকর পদক্ষেপ নেবে বলে মনে করেন কি?,0,2,97,1
6 March 2023,"শিক্ষা উপমন্ত্রী মহিবুল হাসান চৌধুরী বলেছেন, নারী কী করবে, পুরুষ কী করবে, তা আমরা পাঠ্যপুস্তকেই নির্ধারণ করে দিচ্ছি। এটাই নারীর অগ্রগতির পথে বড় বাধা। আপনি কি তাঁর এই বক্তব্যের সঙ্গে একমত?",0,50,46,4
5 March 2023,বিদ্যুৎ–গ্যাসসংশ্লিষ্ট দুর্ঘটনা রোধে এসব সেবা তদারকের দায়িত্বে থাকা সংস্থাগুলোর জবাবদিহি নিশ্চিত করতে হব—ফায়ার সার্ভিসের সাবেক মহাপরিচালক আবু নাঈম মো. শহীদুল্লাহর এই বক্তব্যের সঙ্গে আপনি কি একমত?,0,98,1,1
4 March 2023,দুর্নীতিবাজেরাই এখন সমাজে প্রভাবশালী ব্যক্তি হয়ে উঠেছেন—জাতীয় পার্টির চেয়ারম্যান জি এম কাদেরের এ বক্তব্যের সঙ্গে আপনি কি একমত?,0,99,1,0
3 March 2023,বায়ুদূষণে ছুটির দিন শুক্রবারও শীর্ষে ছিল ঢাকা শহর। ভীষণ অস্বাস্থ্যকর এ পরিস্থিতি থেকে এই নগরবাসীর শিগগিরই পরিত্রাণ পাওয়ার কোনো আশা দেখেন কি?,0,2,97,1
2 March 2023,"রাজনৈতিক দলগুলোর প্রতি বিরোধ নিরসনের আহ্বান জানিয়ে সিইসি কাজী হাবিবুল আউয়াল বলেছেন, নির্বাচন কমিশন এখানে মুরব্বিয়ানা করতে পারবে না। তাঁর এই বক্তব্যে আপনি কি সন্তুষ্ট?",0,14,83,3
1 March 2023,ঢাকার রাস্তায় মোটরসাইকেলের জন্য আলাদা লেনের দাবি জানিয়েছেন চালকেরা। আপনি কি তা সমর্থন করেন?,0,84,15,1
28 February 2023,দুপুরে প্রাথমিক বৃত্তি পরীক্ষার ফলাফল ঘোষণা করে সন্ধ্যায় তা স্থগিত করাটা শিক্ষার্থীদের ওপর ব্যাপক মানসিক চাপ তৈরি করবে বলে আপনি কি মনে করেন?,0,96,3,1
27 February 2023,বাংলাদেশিদের দ্বৈত নাগরিকত্বের ক্ষেত্রে আরও ৪৪টি দেশের নাগরিক হওয়ার সুযোগ বাড়িয়েছে সরকার। এমন সিদ্ধান্ত দেশের সামগ্রিক স্বার্থের জন্য সুফল বয়ে আনবে বলে আপনি কি মনে করেন?,0,61,35,4
26 February 2023,"আসন্ন পবিত্র রমজানে মাছ, মাংস, দুধ, ডিমের দাম কোনোভাবেই বাড়বে না—মৎস্য ও প্রাণিসম্পদমন্ত্রী শ ম রেজাউল করিমের এই কথায় আপনি কি আস্থা রাখেন?",0,3,96,1
25 February 2023,রমনা পার্ক দিনের বেলা সাড়ে তিন ঘণ্টা বন্ধ রাখা নাগরিকদের শারীরিক ও মানসিক বিকাশের জন্য বাধা উল্লেখ করে তা সারা দিন খোলা রাখার পরামর্শ দিয়েছেন নগর-পরিকল্পনাবিদ আদিল মুহাম্মদ খান। আপনি কি তা চান?,0,92,7,1
24 February 2023,"আদানি গোষ্ঠী সম্পর্কে হিনডেনবার্গ রিসার্চের প্রতিবেদন নিয়ে গণমাধ্যমে লেখালেখির বিরুদ্ধে নিষেধাজ্ঞা জারির এক আবেদনের জবাবে ভারতের সুপ্রিম কোর্ট বলেছেন, ‘গণমাধ্যমের বিরুদ্ধে আমরা কখনো কোনো নিষেধাজ্ঞা জারি করব না।’ সর্বোচ্চ আদালতের এমন অবস্থান দেশটিতে গণমাধ্যমের স্বাধীনতা রক্ষায় ইতিবাচক ভূমিকা রাখবে বলে মনে করেন কি?",0,97,2,1
23 February 2023,নির্বাচনকালীন সরকারব্যবস্থা প্রশ্নে বড় দুই দলের অনড় অবস্থান দেশের জন্য বিপজ্জনক—সিইসি কাজী হাবিবুল আউয়ালের এই বক্তব্যের সঙ্গে আপনি কি একমত?,0,95,4,1
22 February 2023,জাতীয় ক্রিকেট দলের সহকারী কোচ নিয়োগে এবার স্থানীয় কোচদের প্রতিও আগ্রহ দেখাচ্ছে বিসিবি। আপনিও কি তা–ই চান?,0,92,6,2
21 February 2023,পারমাণবিক অস্ত্র নিয়ন্ত্রণে যুক্তরাষ্ট্রের সঙ্গে থাকা একমাত্র চুক্তিটি স্থগিতের ঘোষণা দিয়েছেন রাশিয়ার প্রেসিডেন্ট ভ্লাদিমির পুতিন। এতে সংকট আরও বাড়বে বলে আপনি কি মনে করেন?,0,89,10,1
20 February 2023,দুর্ঘটনা কমাতে দ্রুতগতির স্পোর্টি মোটরসাইকেল আমদানিতে শুল্ক বাড়িয়ে কম গতির স্কুটি মোটরসাইকেলে শুল্ক ছাড়ের কথা বলা হয়েছে এ–সংক্রান্ত নীতিমালার খসড়ায়। আপনি কি তা সমর্থন করেন?,0,81,18,1
19 February 2023,বিশ্ববিদ্যালয়ের হলগুলোয় নির্যাতনের বিচার হয় না বলে ক্ষমতাসীন দলের ছাত্র সংগঠনের নেতা–কর্মীরা বেপরোয়া হয়ে পড়েছেন—চট্টগ্রাম বিশ্ববিদ্যালয়ের যোগাযোগ ও সাংবাদিকতা বিভাগের সহকারী অধ্যাপক সুবর্ণা মজুমদারের এই বক্তব্যের সঙ্গে আপনি কি একমত?,0,99,1,0
18 February 2023,অপকর্মকারী ছাত্রলীগের নেতা-কর্মীদের আইনের আওতায় আনতে বলেছেন আওয়ামী লীগের সাধারণ সম্পাদক ওবায়দুল কাদের। এসব অপরাধীর শাস্তি হবে বলে আপনি কি মনে করেন?,0,4,95,1
17 February 2023,রপ্তানির পোশাক চুরিসহ বিভিন্ন ধরনের অপরাধ ঠেকাতে ঢাকা-চট্টগ্রাম মহাসড়কে ক্লোজড সার্কিট (সিসি) ক্যামেরা চালু করা হচ্ছে। এটা ফলপ্রসূ হবে বলে কি আপনি মনে করেন?,0,23,75,2
16 February 2023,"আওয়ামী লীগের সাধারণ সম্পাদক ও সেতুমন্ত্রী ওবায়দুল কাদের বলেছেন, ইউরোপীয় ইউনিয়ন (ইইউ) বাংলাদেশে অংশগ্রহণমূলক জাতীয় সংসদ নির্বাচন দেখতে চায়। বর্তমান নির্বাচন কমিশন ইইউর এ প্রত্যাশা পূরণ করতে পারবে বলে কি আপনি মনে করেন?",0,77,23,0
15 February 2023,টিকিট কালোবাজারি ঠেকাতে ট্রেনের টিকিট কেনায় জাতীয় পরিচয়পত্র বা জন্মনিবন্ধন সনদ বাধ্যতামূলক করেছে রেল কর্তৃপক্ষ। আপনি কি তা সমর্থন করেন?,0,85,14,1
14 February 2023,পার্ক ও খেলার মাঠ থেকে সব ধরনের বাণিজ্যিক স্থাপনা অপসারণের দাবি জানিয়েছে ২৬টি সংগঠন। আপনি কি এই দাবির সঙ্গে একমত?,0,98,2,0
13 February 2023,কর্তৃপক্ষ গঠন করে আগামী জুলাই থেকে পরীক্ষামূলকভাবে সর্বজনীন পেনশন ব্যবস্থা চালুর উদ্যোগ নিয়েছে সরকার। এটা সফল হবে বলে আপনি কি আশাবাদী?,0,19,78,3
12 February 2023,নিত্যপণ্যের দামে কারসাজি না করতে ব্যবসায়ীদের প্রতি আহ্বান জানিয়েছেন এফবিসিসিআইয়ের সভাপতি মো. জসিম উদ্দিন। ব্যবসায়ীরা তাঁর এ আহ্বানে সাড়া দেবেন বলে আপনি মনে করেন কি?,0,2,97,1
11 February 2023,১১ বছরেও সাংবাদিক দম্পতি সাগর–রুনি হত্যাকাণ্ডের সুরাহা না হওয়া আইনশৃঙ্খলা রক্ষাকারী বাহিনীর সদিচ্ছার ঘাটতির প্রমাণ দেয়—সাংবাদিক সংগঠনের নেতাদের এই অভিযোগ যৌক্তিক বলে আপনি মনে করেন কি?,0,96,3,1
10 February 2023,বিতর্কের মুখে ২০২৩ শিক্ষাবর্ষের ষষ্ঠ ও সপ্তম শ্রেণির ইতিহাস ও সামাজিক বিজ্ঞান বিষয়ের ‘অনুসন্ধানী পাঠ’ বই দুটির পাঠদান প্রত্যাহার করেছে জাতীয় শিক্ষাক্রম ও পাঠ্যপুস্তক বোর্ড। এ পদক্ষেপে পাঠ্যপুস্তক নিয়ে চলমান বিতর্কের অবসান ঘটবে বলে মনে করেন কি?,0,7,90,3
9 February 2023,ব্যাংকের চাকরিতে পদোন্নতির ক্ষেত্রে ব্যাংকিং ডিপ্লোমা পাস বাধ্যতামূলক করেছে বাংলাদেশ ব্যাংক। এটা যৌক্তিক বলে আপনি কি মনে করেন?,0,37,61,2
8 February 2023,নগরবাসীকে যানজটের ভোগান্তি থেকে রেহাই দিতে কর্মদিবসে রাজনৈতিক কর্মসূচি না দিতে দলগুলোর প্রতি আহ্বান জানিয়েছেন ঢাকার পুলিশ কমিশনার খন্দকার গোলাম ফারুক। আপনি কি তা সমর্থন করেন?,0,83,15,2
7 February 2023,"জাতীয় পার্টির চেয়ারম্যান জি এম কাদের বলেছেন, সরকারের ভুলত্রুটি ধরিয়ে দিতে সমালোচনা করা হয়। কিন্তু দেশে সমালোচকদের মুখ বন্ধ করার চেষ্টা চলছে। আপনি কি তা মনে করেন?",0,92,7,1
6 February 2023,"ভূতাত্ত্বিক গঠন ও টেকটোনিক কাঠামোর কারণেই বাংলাদেশ ভূমিকম্পপ্রবণ এলাকা। বিশেষ করে ঢাকা, সিলেট, চট্টগ্রাম ও পার্বত্য চট্টগ্রাম অঞ্চল ভূমিকম্পের ঝুঁকিতে রয়েছে বলে মত বিশেষজ্ঞদের। এমন প্রেক্ষাপটে আপৎকালীন পরিস্থিতি মোকাবিলায় এখনই প্রস্তুতিমূলক পদক্ষেপ নেওয়া দরকার বলে মনে করেন কি?",0,96,3,1
5 February 2023,"গণফোরামের সংসদ সদস্য মোকাব্বির খান বলেছেন, বিদেশে ‘সেকেন্ড হোম’ নিয়ে কথা বললে দেখা যাবে, কেঁচো খুঁড়তে সাপ বেরিয়ে আসছে। আপনি কি তা মনে করেন?",0,98,1,1
4 February 2023,"ফৌজদারি মামলায় পুলিশ, চিকিৎসকসহ সরকারি কর্মকর্তা-কর্মচারীদের সাক্ষ্য দেওয়ার জন্য ভাতা চালু করছে সরকার। এতে সাক্ষ্য দেওয়ার হার বাড়বে বলে আপনি কি মনে করেন?",0,78,19,3
3 February 2023,কোনো শিক্ষাপ্রতিষ্ঠানে এখনো বই না পৌঁছালে ওয়েবসাইট থেকে পড়ানোর জন্য শিক্ষকদের পরামর্শ দিয়েছেন শিক্ষামন্ত্রী দীপু মনি। তাঁর এ পরামর্শকে আপনি সমর্থন করেন কি?,0,9,90,1
2 February 2023,"আওয়ামী লীগের সংসদ সদস্য দবিরুল ইসলাম বলেছেন, ‘ইউএনও, ডিসি—তাঁরাই মনে হয় দেশটার মালিক। তাঁরা যা করেন, সেটাই চলে।’ তাঁর এই বক্তব্যের সঙ্গে আপনি কি একমত?",0,78,11,2
1 February 2023,বিসিবি ঠিকভাবে পরিচালিত করতে পারলে চন্ডিকা হাথুরুসিংহের কাছ থেকে বাংলাদেশ দল ভালো কিছু পেতে পারে বলে মনে করেন সাবেক অধিনায়ক মাশরাফি বিন মুর্তজা। আপনি কি তা মনে করেন?,0,65,32,3
31 January 2023,মেলায় উসকানিমূলক বই প্রকাশ ঠেকাতে কাজ করবে ঢাকা মহানগর পুলিশ। আপনি কি তা সমর্থন করেন?,0,21,78,1
30 January 2023,দেশে দুর্নীতিবিরোধী পদক্ষেপ একটি পর্যায় পর্যন্ত গিয়ে থমকে যাওয়ার কারণে দুর্নীতি বন্ধ হচ্ছে না বলে মনে করেন বাংলাদেশের ওয়ার্কার্স পার্টির সভাপতি রাশেদ খান মেনন। আপনি কি তাঁর সঙ্গে একমত?,0,100,0,0
29 January 2023,রাজনৈতিক বিভাজন এখন এমন পর্যায়ে গেছে যে গ্রামে পর্যন্ত ভাগ হয়ে গেছে—বিএনপির মহাসচিব মির্জা ফখরুল ইসলাম আলমগীরের এ বক্তব্যের সঙ্গে আপনি কি একমত?,0,88,11,1
28 January 2023,"আওয়ামী লীগের সাধারণ সম্পাদক ওবায়দুল কাদের বলেছেন, দক্ষিণ এশিয়া তো বটেই, অনেক উন্নত দেশের তুলনায় আমরা ভালো আছি। আপনি কি তা মনে করেন?",0,9,90,1
27 January 2023,চুরির ঘটনা যেন স্বাভাবিক হয়ে দাঁড়িয়েছে বাগেরহাটের রামপাল কয়লাভিত্তিক তাপবিদ্যুৎকেন্দ্রে। এত দিন মূল কেন্দ্রের বাইরের মালামাল চুরি হলেও এবার কেন্দ্রের ভেতরে তালাবদ্ধ ঘর থেকে প্রায় অর্ধকোটি টাকার যন্ত্র খোয়া গেছে। এসব ঘটনা দেশের বিদ্যুৎকেন্দ্রগুলোর নিরাপত্তাঘাটতিকেই নির্দেশ করছে বলে মনে করেন কি?,0,97,2,1
26 January 2023,"দেশে ব্যবসার পরিবেশ উন্নত না হওয়ায় ক্ষোভ প্রকাশ করে বাণিজ্যমন্ত্রী টিপু মুনশি বলেছেন, আমরা কথায় অনেক স্মার্ট, তবে কাজে তেমনটা নই। তাঁর এ বক্তব্যের সঙ্গে আপনি একমত?",0,97,2,1
25 January 2023,"দুদকের চেয়ারম্যান মোহাম্মদ মঈনউদ্দীন আবদুল্লাহ বলেছেন, দুর্নীতিতে অভিযুক্ত ব্যক্তি যে-ই হোক, তার বিরুদ্ধে অনুসন্ধান-তদন্ত করতে প্রস্তুত আছেন তাঁরা। আপনি কি তা মনে করেন?",0,3,96,1
24 January 2023,"জনবসতি নেই, এমন জায়গায়ও সেতু নির্মাণ করা হচ্ছে বলে ডিসি সম্মেলনে উল্লেখ করেছেন জেলা প্রশাসকেরা। অপ্রয়োজনে সরকারি অর্থ অপচয় করে অবকাঠামো নির্মাণ বন্ধে পদক্ষেপ নেওয়া হবে বলে আপনি কি মনে করেন?",0,5,94,1
23 January 2023,"বাসের মালিক পুলিশ, রাজনীতিবিদ ও শক্তিশালী মানুষেরা; তাই কিছু হয় না—জাতীয় পার্টির সংসদ সদস্য কাজী ফিরোজ রশীদের এই বক্তব্যের সঙ্গে আপনি কি একমত?",0,99,1,0
22 January 2023,সরকার শক্ত অবস্থান নিলে অর্থ পাচার ব্যাপকভাবে হতে পারে না—সাবেক আইনমন্ত্রী শফিক আহমেদের এই বক্তব্যের সঙ্গে আপনি কি একমত?,0,99,1,0
21 January 2023,এমপিওভুক্ত বেসরকারি শিক্ষাপ্রতিষ্ঠানের শিক্ষক ও কর্মচারীদের সরাসরি রাজনীতিতে যুক্ত হওয়ার সুযোগ বন্ধের কথা বলেছেন জেলা প্রশাসকেরা। আপনি কি তা সমর্থন করেন?,0,95,5,0
20 January 2023,তরলীকৃত প্রাকৃতিক গ্যাসের (এলএনজি) দাম খোলাবাজারে কমতির দিকে। এলএনজির দাম প্রতি ইউনিট ২৫ ডলারের নিচে নেমে এসেছে। অথচ গত বছর বিশ্ববাজারে এ দাম ৭০ ডলারে উঠেছিল। দামের এ নিম্নমুখী প্রবণতা দেশের বাজারে ইতিবাচক প্রভাব ফেলবে বলে মনে করেন কি?,0,10,89,1
19 January 2023,"বৈষয়িক দিক থেকে বাংলাদেশের অনেক উন্নয়ন হয়েছে, কিন্তু একই সঙ্গে পাল্লা দিয়ে মূল্যবোধের অবক্ষয় হয়েছে—নাট্যজন রামেন্দু মজুমদারের এই বক্তব্যের সঙ্গে আপনি কি একমত?",0,95,3,2
18 January 2023,সর্বোচ্চ গুরুত্ব দিয়ে রাজধানীতে চুরির বিরুদ্ধে ব্যবস্থা নিয়ে তা বন্ধ করার নির্দেশ দিয়েছেন ঢাকার পুলিশপ্রধান খন্দকার গোলাম ফারুক। পুলিশ চুরি বন্ধ করতে পারবে বলে আপনি কি মনে করেন?,0,5,94,1
17 January 2023,"সরকার নির্বাচনের সময় রুটিন সরকারের দায়িত্ব পালন করবে, নির্বাচনের কার্যক্রমে কোনো হস্তক্ষেপ করবে না—সড়ক পরিবহনমন্ত্রী ওবায়দুল কাদেরের এই কথামতো কাজ হবে বলে আপনি কি মনে করেন?",0,7,92,1
16 January 2023,সরকারি কর্ম কমিশনের (পিএসসি) পরীক্ষার প্রশ্নপত্র ফাঁসে ১০ বছরের সাজাসহ জালিয়াতির জন্য শাস্তি নিশ্চিতে নতুন আইন করা হয়েছে। এতে এসব পরীক্ষায় জালিয়াতি-প্রতারণা কমবে বলে আপনি কি মনে করেন?,0,13,86,1
15 January 2023,বিদেশে বাংলাদেশের সংসদ সদস্য-কর্মকর্তাদের বাড়ি-গাড়ির খবরের তদন্ত দাবি করেছেন জাতীয় পার্টির মহাসচিব মুজিবুল হক। এ বিষয়ে সুষ্ঠু তদন্ত হবে বলে আপনি কি মনে করেন?,0,3,96,1
14 January 2023,সরকার পরিবেশ ধ্বংস করে কোনো উন্নয়ন প্রকল্প করবে না—পরিকল্পনামন্ত্রী এম এ মান্নানের এই বক্তব্যে আপনি কি আস্থা রাখেন?,0,6,93,1
13 January 2023,মূল্যবৃদ্ধির মধ্য দিয়ে নিরবচ্ছিন্ন বিদ্যুৎ পাওয়ার নিশ্চয়তা নেই। দেশে সামগ্রিকভাবে বিদ্যুৎ উৎপাদন বাড়ালেও বিদ্যুৎ খাতের দক্ষতা বাড়েনি। বিদ্যুতের মূল্যবৃদ্ধি প্রসঙ্গে সিপিডির গবেষণা পরিচালক খন্দকার গোলাম মোয়াজ্জেম এমন মন্তব্য করেন। আপনি কি এর সঙ্গে একমত?,0,98,2,0
12 January 2023,পাবলিক বিশ্ববিদ্যালয়গুলোতে শিক্ষক এবং কর্মকর্তা-কর্মচারী নিয়োগে অনিয়ম দূর করতে পিএসসির আদলে একটি স্বতন্ত্র কমিশন গঠনের সুপারিশ করেছে ইউজিসি। আপনি কি তা সমর্থন করেন?,0,91,7,2
11 January 2023,সংঘাত এড়িয়ে অহিংস কর্মসূচির মাধ্যমে সরকার পতনের আন্দোলন চালিয়ে যাওয়ার লক্ষ্য নিয়েছে বিএনপি। এই পথে দলটি সফল হবে বলে আপনি মনে করেন কি?,0,8,91,1
10 January 2023,"অর্থমন্ত্রী আ হ ম মুস্তফা কামাল বলেছেন, অর্থ পাচার রোধ এবং পাচার করা অর্থ বাংলাদেশে ফেরত আনার বিষয়ে সরকারের সব সংস্থা একযোগে কাজ করে যাচ্ছে। পাচার করা অর্থ দেশে ফেরত আসবে বলে আপনি কি মনে করেন?",0,79,21,0
9 January 2023,"নির্বাচনে প্রার্থী হতে কেউ যাতে বাধার সম্মুখীন না হন, সে জন্য অনলাইনে মনোনয়নপত্র জমার বিধান করতে চায় নির্বাচন কমিশন। এটা সুফল আনবে বলে আপনি কি মনে করেন?",0,84,13,3
8 January 2023,সরকারের সদিচ্ছা থাকলে বিদেশে পাচার হওয়া অর্থের মধ্যে ১০-২০ হাজার কোটি টাকা ফেরত আনা সম্ভব—গবেষণা প্রতিষ্ঠান পলিসি রিসার্চ ইনস্টিটিউটের নির্বাহী পরিচালক আহসান এইচ মনসুরের এই বক্তব্যের সঙ্গে আপনি কি একমত?,0,94,5,1
7 January 2023,"বিদ্যুতের দাম বাড়ানোর প্রস্তাব দিয়ে বিতরণ কোম্পানিগুলো বলেছে, গ্রাহক বিদ্যুতের ব্যবহারে সাশ্রয়ী হলে তাঁদের মাসের খরচ বাড়বে না। এই বক্তব্য যৌক্তিক বলে আপনি কি মনে করেন?",0,3,96,1
6 January 2023,রমজানে নিত্যপণ্যের দাম বাড়বে না বলে আশ্বাস দিয়েছেন বাণিজ্যমন্ত্রী টিপু মুনশি। মন্ত্রীর এ আশ্বাসের পরও বাজার নিয়ন্ত্রণে থাকবে বলে মনে করেন কি?,0,2,97,1
5 January 2023,"পুলিশের মহাপরিদর্শক চৌধুরী আবদুল্লাহ আল-মামুন বলেছেন, থানা হবে জনগণের সেবা পাওয়ার ভরসাস্থল। পুলিশ সদস্যরা সেভাবে কাজ করবেন বলে আপনি কি আশাবাদী?",0,4,95,1
4 January 2023,"বিদেশিদের জ্ঞান খুবই সীমিত, বাংলাদেশ সম্পর্কে সবচেয়ে ভালো জ্ঞান রাখেন বাঙালিরা—পররাষ্ট্রমন্ত্রী এ কে আব্দুল মোমেনের এই বক্তব্যের সঙ্গে আপনি কি একমত?",0,30,69,1
3 January 2023,নির্বাচনে কোনো ধরনের অনিয়মকে একেবারেই প্রশ্রয় দেবে না নির্বাচন কমিশন (ইসি)—নির্বাচন কমিশনার মো. আহসান হাবিব খানের এ বক্তব্যের সঙ্গে আপনি কি একমত?,0,17,82,1
2 January 2023,"গণপরিবহনব্যবস্থা হয়ে উঠছে মোটরসাইকেল ও সিএনজিচালিত অটোরিকশানির্ভর, তাতে বেপরোয়াভাবে বাড়ছে সড়ক দুর্ঘটনা—যাত্রী কল্যাণ সমিতির এই বক্তব্যের সঙ্গে আপনি কি একমত?",0,78,21,1
1 January 2023,দলীয় সরকারের অধীনে সুষ্ঠু নির্বাচন করা যায় বলে মনে করেন নির্বাচন কমিশনার আনিছুর রহমান। আপনি কি তা মনে করেন?,0,8,91,1
7 December 2022,"দেশে আইনের শাসনের প্রতি সম্মান দেখাতে এবং সহিংসতা, হয়রানি ও ভয়ভীতি প্রদর্শন থেকে বিরত থাকতে সব রাজনৈতিক দলের প্রতি আহ্বান জানিয়েছেন মার্কিন পররাষ্ট্র দপ্তরের মুখপাত্র নেড প্রাইস। রাজনৈতিক দলগুলো তাঁর এ আহ্বানে সাড়া দেবে বলে আপনার কি মনে হয়?",4610,2,97,1
6 December 2022,দেশের ৭৫ শতাংশ মাটিতে প্রয়োজনীয় জৈব ও রাসায়নিক উপাদানের ঘাটতি আছে। মাটির স্বাস্থ্য সুরক্ষায় সারের যৌক্তিক ব্যবহার নিশ্চিত করতে সরকার কার্যকর উদ্যোগ নেবে বলে মনে করেন কি?,3117,5,94,1
5 December 2022,নিত্যপণ্যের দামে স্বস্তির খবর না থাকলেও অক্টোবরের চেয়ে নভেম্বরে মূল্যস্ফীতি কমেছে—বিবিএসের এ হিসাবে আস্থা আছে কি?,4581,7,92,1
4 December 2022,আওয়ামী লীগ ও বিএনপির অর্থের উৎস প্রকাশ করা উচিত—গণস্বাস্থ্য কেন্দ্রের ট্রাস্টি জাফরুল্লাহ চৌধুরীর এ বক্তব্যর সঙ্গে আপনি কি একমত?,5412,98,1,1
3 December 2022,"প্রবৃদ্ধি হচ্ছে, শিক্ষার হার বাড়ছে, কিন্তু দীর্ঘদিন ধরে চলা নাগরিক সমস্যাগুলোর সমাধান হচ্ছে না—সিপিডির চেয়ারম্যান অধ্যাপক রেহমান সোবহানের এই বক্তব্যের সঙ্গে আপনি কি একমত?",4988,97,2,1
2 December 2022,পুলিশ বাধা দিয়ে বিএনপির তিন ঘণ্টার সমাবেশকে তিন দিনের সমাবেশে পরিণত করছে—বিএনপির নেতা রুহুল কুদ্দুস তালুকদারের এই বক্তব্যের সঙ্গে আপনি কি একমত?,5584,95,4,1
1 December 2022,"গাইবান্ধা উপনির্বাচনে অনিয়মের জন্য কর্মকর্তাদের বিরুদ্ধে ব্যবস্থা নেবে ইসি, তবে প্রার্থীদের বিষয়ে কিছু হচ্ছে না। নির্বাচন কমিশনের এই ভূমিকায় আপনি কি সন্তুষ্ট?",3493,5,94,1
30 November 2022,ইচ্ছেমতো দাম বাড়াতেই সরকার আইন সংশোধন করে গ্যাস ও বিদ্যুতের দাম নির্ধারণের ক্ষমতা নিজেদের হাতে নিতে চায়—অধ্যাপক ম তামিমের এই বক্তব্যের সঙ্গে আপনি কি একমত?,4895,95,4,1
29 November 2022,সিন্ডিকেট করে কাগজের দাম বাড়িয়ে দেওয়া হচ্ছে অভিযোগ করে কাগজের আমদানি শুল্ক প্রত্যাহারসহ বাজার নিয়ন্ত্রণে সরকারের হস্তক্ষেপ দাবি করেছে বাংলাদেশ পুস্তক প্রকাশক ও বিক্রেতা সমিতি। আপনি কি তা সমর্থন করেন?,3389,96,3,1
28 November 2022,বিশ্ববিদ্যালয়ে ভর্তিতে শিক্ষার্থীদের বয়সের বাধা তুলে দেওয়ার পক্ষে শিক্ষামন্ত্রী দীপু মনি। আপনি কি তা সমর্থন করেন?,5458,92,7,1
27 November 2022,"ওই দিন আমরাও মাঠে থাকব, আমরা তাঁদের কোনো বাধা দেব না—১০ ডিসেম্বর ঢাকায় বিএনপির সমাবেশ নিয়ে আওয়ামী লীগের সাধারণ সম্পাদক ওবায়দুল কাদেরের এই বক্তব্যে আপনি কি আস্থা রাখেন?",23520,77,23,0
26 November 2022,"মানুষ ২৫ হাজার টাকার জন্য জেলে যাচ্ছেন, আর হাজার হাজার কোটি টাকার ঋণখেলাপিরা বহাল তবিয়তে আছেন, এটা মেনে নেওয়া যায় না—সাবেক ডাক ও টেলিযোগাযোগ প্রতিমন্ত্রী তারানা হালিমের এই বক্তব্যের সঙ্গে আপনি কি একমত?",9453,98,1,1
25 November 2022,বিএনপি প্রতিদিন দেশের বিভিন্ন স্থানে নির্বিঘ্নে সভা-সমাবেশ করছে বলে মন্তব্য করেছেন আওয়ামী লীগের সাধারণ সম্পাদক ও সেতুমন্ত্রী ওবায়দুল কাদের। তাঁর এ বক্তব্যের সঙ্গে আপনি কি একমত?,7743,9,90,1
24 November 2022,সরকারের তরফ থেকে সহযোগিতা না থাকলে নির্বাচনে কাঙ্ক্ষিত মাত্রায় সফলতা আসবে না—প্রধান নির্বাচন কমিশনার কাজী হাবিবুল আউয়ালের এই বক্তব্য আপনি কি সমর্থন করেন?,5427,95,3,2
23 November 2022,বিএনপির সমাবেশের দিন আওয়ামী লীগ রাজপথে থাকলে সংঘাত হতে পারে বলে মনে করছেন অধ্যাপক আবুল কাসেম ফজলুল হক। আপনি কি তাঁর সঙ্গে একমত?,5458,97,2,1
22 November 2022,দেশে আগামী ফেব্রুয়ারি মাস পর্যন্ত মূল্যস্ফীতি ধারাবাহিকভাবে কমবে—পরিকল্পনামন্ত্রী এম এ মান্নানের এই বক্তব্যে আপনি কি আস্থা রাখেন?,4673,7,92,1
21 November 2022,দাম না বাড়িয়ে লুণ্ঠনমূলক ব্যয় ও অদক্ষতা কমিয়ে বিদ্যুৎ খাতে ভর্তুকি কমানো যেত বলে মনে করছেন ক্যাবের জ্যেষ্ঠ সহসভাপতি এম শামসুল আলম। আপনি কি তাঁর সঙ্গে একমত?,3658,98,2,0
19 November 2022,"চালের দাম আর বাড়ার সম্ভাবনা নেই, খাদ্যসংকটেরও কোনো সম্ভাবনা নেই—খাদ্যমন্ত্রী সাধন চন্দ্র মজুমদারের এ বক্তব্যে আপনি কি আস্থা রাখেন?",4446,10,89,1
18 November 2022,টুইটারের কর্মীদের চাকরিতে থাকতে হলে অতিরিক্ত কর্মঘণ্টা কাজ করার শর্ত দিয়েছিলেন নতুন মালিক ইলন মাস্ক। তবে এতে অধিকাংশ কর্মী রাজি হননি। এরপরই অবিলম্বে সব অফিস বন্ধের সিদ্ধান্ত জানায় টুইটার। টুইটারের এমন অস্থিরতা অন্যান্য সামাজিক যোগাযোগমাধ্যমেও ছড়িয়ে পড়তে পারে বলে আপনি মনে করেন কি?,2838,21,76,3
17 November 2022,বারবার দুর্ভিক্ষের কথা বললে আতঙ্ক তৈরি হয়ে একটি গোষ্ঠী সুযোগ নিতে পারে—গবেষণাপ্রতিষ্ঠান সানেমের নির্বাহী পরিচালক সেলিম রায়হানের এই বক্তব্য যৌক্তিক বলে আপনি কি মনে করেন?,4242,95,4,1
16 November 2022,দুর্নীতি দেশের উন্নয়ন ম্লান করে দিচ্ছে—পরিকল্পনা প্রতিমন্ত্রী শামসুল আলমের এই বক্তব্যের সঙ্গে আপনি কি একমত?,5529,99,1,0
15 November 2022,"ঢাকার সঙ্গে যুক্ত পাঁচ মহাসড়কে তিন চাকার যান (ইজিবাইক, সিএনজিচালিত অটোরিকশা, নছিমন, করিমন, ভটভটি) চলাচল বন্ধে কড়াকড়ি আরোপের সিদ্ধান্ত নিয়েছে সরকার। এটা সফল হবে বলে আপনি কি মনে করেন?",5033,13,86,1
14 November 2022,কাগজের অস্বাভাবিক মূল্যবৃদ্ধির প্রতিবাদ জানিয়ে অবিলম্বে এ বিষয়ে সরকারের হস্তক্ষেপ দাবি করেছে ছাত্র ইউনিয়ন। আপনি কি তা সমর্থন করেন?,5390,96,3,1
13 November 2022,দেশের সব অবৈধ ইটভাটার কার্যক্রম ও ইটভাটায় জ্বালানি হিসেবে কাঠের ব্যবহার বন্ধ নিশ্চিত করতে জেলা প্রশাসকদের সাত দিনের মধ্যে কার্যকর নির্দেশনা দিতে বলেছেন হাইকোর্ট। উচ্চ আদালতের এ নির্দেশ সংশ্লিষ্ট ব্যক্তিরা ঠিকমতো পালন করতে পারবেন বলে আপনি কি মনে করেন?,3057,3,96,1
12 November 2022,দেশে ডেঙ্গু চিকিৎসায় কোনো ঘাটতি হয়নি—স্বাস্থ্যমন্ত্রী জাহিদ মালেকের এই বক্তব্যের সঙ্গে আপনি কি একমত?,3903,6,93,1
11 November 2022,আইএমএফের ঋণ জনগণের জন্য বোঝা না হয়ে সংকট মোকাবিলায় সহায়ক হবে—আওয়ামী লীগের সাধারণ সম্পাদক ওবায়দুল কাদেরের এই বক্তব্যের সঙ্গে আপনি কি একমত?,5896,10,89,1
10 November 2022,স্থানীয় জনপ্রতিনিধিদের অনেকেই নিজেদের দায়িত্ব সম্পর্কে জানেন না—স্থানীয় সরকারমন্ত্রী মো. তাজুল ইসলামের এই বক্তব্যের সঙ্গে আপনি কি একমত?,4683,97,2,1
9 November 2022,সরকারি খরচে কর্মকর্তাদের সব ধরনের বিদেশ ভ্রমণ বন্ধ করা হয়েছে– অর্থনৈতিক সংকট কাটাতে এটা ভূমিকা রাখবে বলে আপনি কি মনে করেন?,5305,83,16,1
8 November 2022,বুয়েট শিক্ষার্থী ফারদিন নূর হত্যাকাণ্ডে জড়িত ব্যক্তিরা গ্রেপ্তার হবে বলে আপনি মনে করেন কি?,5362,17,81,2
7 November 2022,সরকারের পদত্যাগ নিশ্চিত না করে কেউ আর ঘরে ফিরবে না—বিএনপি নেতা–কর্মীরা মির্জা ফখরুল ইসলাম আলমগীরের এই কথা রাখবেন বলে আপনি কি মনে করেন?,31159,10,89,1
6 November 2022,পরীক্ষার্থীদের নির্বিঘ্নে পরীক্ষাকেন্দ্রে যাওয়ার সুযোগ করে দিতে অভিভাবকদের সেখানে ভিড় না করার আহ্বান জানিয়েছেন শিক্ষামন্ত্রী দীপু মনি। এতে পরীক্ষাকেন্দ্রের সামনে ভিড় কমবে বলে আপনি কি মনে করেন?,3071,13,85,2
5 November 2022,"যে গণতন্ত্রের জন্য মুক্তিযুদ্ধ হয়েছিল, সেটি এখন খুঁজে পাওয়া যায় না বলে মন্তব্য করেছেন সংবিধান প্রণয়ন কমিটির সদস্য অধ্যাপক আবু সাইয়িদ। আপনি কি তাঁর সঙ্গে একমত?",4592,89,11,0
4 November 2022,"ইভিএমের চেয়ে বড় সমস্যা নির্বাচন কমিশন নিয়ে। কারণ, কমিশনের ওপর মানুষের আস্থা নেই। তাই তাদের যদি ইভিএম দেওয়া হয়, তবে সেটি আরও বড় সংকটের দিকে ঠেলে দেবে—সুশাসনের জন্য নাগরিকের (সুজন) সম্পাদক বদিউল আলম মজুমদারের এ বক্তব্য যৌক্তিক বলে মনে করেন কি?",3977,88,11,1
3 November 2022,চকচকে করতে গিয়ে বছরে ১৬ থেকে ১৭ লাখ মেট্রিক টন চাল কমে যায় জানিয়ে পুষ্টিগুণসম্পন্ন চাল খেতে দেশবাসীর প্রতি আহ্বান জানিয়েছেন খাদ্যমন্ত্রী সাধন চন্দ্র মজুমদার। তাঁর এই আহ্বানে লোকজন সাড়া দেবে বলে আপনি কি মনে করেন?,2566,22,76,2
2 November 2022,"ভারতের সঙ্গে হারলেও বাংলাদেশ দল যেমন খেলেছে, তাতে গর্ব করার মতো অনেক কিছু আছে—সাবেক অধিনায়ক গাজী আশরাফ হোসেনের এই বক্তব্যের সঙ্গে আপনি কি একমত?",4701,66,32,2
1 November 2022,বাজারে কোনো চাল প্রতি কেজি ৫০ টাকার নিচে না থাকলেও সরকার ৪২ টাকা কেজি দরে ৫ লাখ টন চাল কেনার ঘোষণা দিয়েছে। এতে চাল কেনার লক্ষ্য পূরণ হবে বলে কি আপনি মনে করেন?,3617,5,94,1
31 October 2022,সরকারি কর্ম কমিশন (পিএসসি) পরিচালিত কোনো পরীক্ষার প্রশ্নপত্র ফাঁসের অপরাধে সর্বোচ্চ ১০ বছরের কারাদণ্ডের বিধান রেখে নতুন আইন করছে সরকার। এতে প্রশ্নপত্র ফাঁস বন্ধ হবে বলে আপনি কি মনে করেন?,3374,10,89,1
30 October 2022,দেশের সব সরকারি প্রাথমিক বিদ্যালয়ে এক পালায় (শিফট) শিক্ষা কার্যক্রম পরিচালনার পরিকল্পনা করেছে সরকার। আপনি কি তা সমর্থন করেন?,3187,84,13,3
29 October 2022,"সরকার জঙ্গিবাদ ও অগ্নিসন্ত্রাসের নামে নতুন রাজনৈতিক খেলা শুরু করতে চাইছে, কিন্তু ওই অস্ত্র দিয়ে আর কাজ হবে না—বিএনপির মহাসচিব মির্জা ফখরুল ইসলাম আলমগীরের এ বক্তব্যের সঙ্গে আপনি কি একমত?",5557,70,28,2
28 October 2022,২৯ সরকারি প্রতিষ্ঠানকে গুরুত্বপূর্ণ তথ্য পরিকাঠামোর আওতায় আনা হলেও এসব প্রতিষ্ঠান থেকে সাংবাদিকদের তথ্য পাওয়ার ক্ষেত্রে বাধার সৃষ্টি হবে না বলে জানিয়েছেন তথ্য ও যোগাযোগপ্রযুক্তি প্রতিমন্ত্রী জুনাইদ আহ্‌মেদ। তাঁর এ বক্তব্যে আপনার আস্থা আছে কি?,11972,70,29,1
27 October 2022,"অর্থনৈতিক সংকট প্রশমনে কী করা উচিত, কত দিনে সংকটের সমাধান করা যাবে, তার একটি রূপরেখা থাকা উচিত—অর্থনীতিবিদ আহসান এইচ মনসুরের এই বক্তব্যের সঙ্গে আপনি কি একমত?",3387,97,2,1
26 October 2022,"দলটাকে বাঁচান, টাকাপয়সার লেনদেন বন্ধ করেন—দলের সাধারণ সম্পাদক ওবায়দুল কাদেরের এই আহ্বানে আওয়ামী লীগ নেতারা সাড়া দেবেন বলে আপনি কি মনে করেন?",12776,60,39,1
25 October 2022,বিদ্যুৎ নিয়ে এত শঙ্কিত হওয়ার কিছু নেই—প্রতিমন্ত্রী নসরুল হামিদের এ কথার ওপর আপনি কি আস্থা রাখেন?,23003,76,24,0
24 October 2022,"প্রতিবছর ঘূর্ণিঝড় হবে, এটি ধরে নিয়েই আমাদের প্রস্তুতি নিতে হবে—আবহাওয়া অধিদপ্তরের সাবেক পরিচালক সমরেন্দ্র কর্মকারের এই বক্তব্যের সঙ্গে আপনি কি একমত?",5407,96,3,1
23 October 2022,"দেশের কৃষি ও শিল্প খাতের সুরক্ষায় যা যা দরকার, সরকার করবে। এ জন্য প্রয়োজনে দিনের বেলায় বিদ্যুতের ব্যবহার বন্ধ রাখার পরামর্শ দিয়েছেন প্রধানমন্ত্রীর জ্বালানিবিষয়ক উপদেষ্টা তৌফিক-ই-ইলাহী চৌধুরী। তাঁর এ পরামর্শে বিদ্যুৎ নিয়ে দেশবাসীর ভোগান্তি আরও বাড়বে বলে আপনি কি মনে করেন?",5031,94,5,1
21 October 2022,সরকার সবকিছুর দায় রাশিয়া-ইউক্রেন যুদ্ধ ও করোনার ওপর চাপিয়ে পার পেতে চাইছে—বিএনপির মহাসচিব মির্জা ফখরুল ইসলাম আলমগীরের এই বক্তব্যের সঙ্গে আপনি কি একমত?,10178,68,31,1
20 October 2022,রাজনৈতিক কর্মসূচি ঘিরে অতি উৎসাহী না হয়ে পেশাদারির সঙ্গে পুলিশ কর্মকর্তাদের দায়িত্ব পালনের নির্দেশ দিয়েছেন ডিএমপি কমিশনার মোহা. শফিকুল ইসলাম। পুলিশ কর্মকর্তারা তা করবেন বলে আপনি কি মনে করেন?,3666,4,95,1
19 October 2022,এনআইডি সেবা নির্বাচন কমিশনের কাছ থেকে স্বরাষ্ট্র মন্ত্রণালয়ে নিয়ে গেলে লোকজন আর ভোটার হতে চাইবে না—সাবেক সিইসি কাজী রকিবউদ্দীন আহমদের এ বক্তব্যের সঙ্গে আপনি কি একমত?,4568,89,8,3
18 October 2022,"নির্বাচন কমিশনার মো. আলমগীর বলেছেন, গাইবান্ধা-৫ আসনের উপনির্বাচনে যেসব কর্মকর্তা অনিয়মে জড়িত ছিলেন, তাঁদের সবার বিরুদ্ধে শাস্তিমূলক ব্যবস্থা নেওয়া হবে। সবার শাস্তি হবে বলে আপনি কি মনে করেন?",4645,13,86,1
17 October 2022,"সরকার যে কাজই করুক, বিচার-বিবেচনা না করে বিএনপি অন্ধ সমালোচনা শুরু করে—ওবায়দুল কাদেরের এই বক্তব্যের সঙ্গে আপনি কি একমত?",7389,42,56,2
16 October 2022,"লুটপাট, মাস্তানি দেশের উন্নয়ন আকাঙ্ক্ষাকে খারাপ দিকে নিয়ে যেতে পারে—অর্থনীতিবিদ ওয়াহিদউদ্দিন মাহমুদের এই বক্তব্যের সঙ্গে আপনি কি একমত?",5842,99,1,0
15 October 2022,"বাংলাদেশের ৬৮ শতাংশ মানুষ প্রয়োজনীয় খাদ্য কিনতে হিমশিম খাচ্ছে—ডব্লিউএফপির এই তথ্য স্বীকার করে সরকারের দ্রুত দরিদ্রদের পাশে দাঁড়ানো উচিত বলে মন্তব্য করেছেন ইউএনডিপি, বাংলাদেশের প্রধান অর্থনীতিবিদ ড. নাজনীন আহমেদ। আপনি কি তাঁর সঙ্গে একমত?",7939,96,4,0
14 October 2022,ডেঙ্গুতে আক্রান্ত হয়ে এক দিনে হাসপাতালে আরও ৩১০ জন ভর্তি হয়েছেন। এ নিয়ে গত দুই সপ্তাহে ডেঙ্গুতে আক্রান্ত হয়ে হাসপাতালে ভর্তি হলেন ৭ হাজার ৫০০ জন। পরিস্থিতি মোকাবিলায় যথেষ্ট পদক্ষেপ নেওয়া হচ্ছে বলে আপনি কি মনে করেন?,4044,3,96,1
13 October 2022,"নির্বাচন কমিশনের নির্দেশনার পরেও গাইবান্ধার উপনির্বাচনে যেসব প্রিসাইডিং কর্মকর্তা ভোটকক্ষের শৃঙ্খলা ফেরাতে পদক্ষেপ নেননি, তাঁদের বিরুদ্ধে ব্যবস্থা নেওয়া হবে বলে আপনি কি মনে করেন?",3973,4,95,1
12 October 2022,সবাই আইনের প্রতি শ্রদ্ধাশীল না হলে নির্বাচন কমিশন এখানে বসে সুন্দর নির্বাচন উপহার দিতে পারবে না—সিইসি কাজী হাবিবুল আউয়ালের এই বক্তব্যের সঙ্গে আপনি কি একমত?,4165,96,3,1
11 October 2022,"কৃষিমন্ত্রী মো. আব্দুর রাজ্জাক বলেছেন, দেশে কোনো খাদ্যসংকট হবে না, হাহাকার হবে না, দুর্ভিক্ষ হবে না। দেশে ক্রমবর্ধমান মূল্যস্ফীতি ও জ্বালানি ছাড়াও নিত্যপ্রয়োজনীয় পণ্যের অব্যাহত মূল্যবৃদ্ধির প্রেক্ষাপটে তাঁর এ বক্তব্যে আপনার আস্থা আছে কি?",5227,6,93,1
10 October 2022,"জাতীয় সংসদ নির্বাচন সামনে রেখে বাংলাদেশে বিরোধী দলের সদস্যদের বাড়িতে পুলিশের অভিযান সহিংসতা আর ভীতির পরিবেশ তৈরি করছে, মানবাধিকার সংস্থা হিউম্যান রাইটস ওয়াচের (এইচআরডব্লিউ) এই বক্তব্যের সঙ্গে আপনি কি একমত?",6383,79,20,1
8 October 2022,"সিইসি কাজী হাবিবুল আউয়াল বলেছেন, নির্বাচনের মাঠে জেলা প্রশাসক (ডিসি) ও পুলিশ সুপারদের (এসপি) দলীয় কর্মী হিসেবে নয়, সরকারি কর্মচারী হিসেবে দায়িত্ব পালন করতে হবে। তাঁর এই নির্দেশনায় কাজ হবে বলে আপনি কি মনে করেন?",7259,3,96,1
7 October 2022,ইরানে পুলিশি হেফাজতে কুর্দি তরুণী মাসা আমিনির মৃত্যু কোনো হাতাহাতি বা মারধরের কারণে হয়নি। তাঁর মৃত্যু হয়েছে অসুস্থতার কারণে। মাসার মৃত্যুর তিন সপ্তাহ পর শুক্রবার দেশটির ফরেনসিক মেডিসিন অর্গানাইজেশন এ তথ্য জানায়। এই তথ্য দেশটিতে চলমান সহিংস বিক্ষোভ প্রশমনে ভূমিকা রাখবে বলে আপনি মনে করেন কি?,3734,25,70,5
6 October 2022,সরকারের প্রতি জ্বালানি তেলে শুল্ক-করে ছাড় ও মুনাফা না করার দাবি জানিয়েছে তৈরি পোশাক খাতের ব্যবসায়ীদের সংগঠন বিজিএমই। আপনি কি তা সমর্থন করেন?,2145,88,11,1
5 October 2022,"বিদ্যুতের দাম বাড়ানো হলে বর্তমানের উচ্চ মূল্যস্ফীতিকে আরও উসকে দেবে, তাতে স্বল্প আয়ের মানুষের টিকে থাকা কঠিন হয়ে পড়বে—বিশ্বব্যাংকের ঢাকা কার্যালয়ের সাবেক মুখ্য অর্থনীতিবিদ জাহিদ হোসেনের এই বক্তব্যের সঙ্গে আপনি কি একমত?",5187,98,2,0
4 October 2022,রাজধানীর ইডেন কলেজে ‘ভয়াবহ পরিস্থিতির’ সত্য-মিথ্যা বের করতে বিচার বিভাগীয় তদন্তের দাবি জানিয়েছেন ২১ জন নারী অধিকারকর্মী। আপনি কি তা সমর্থন করেন?,4516,96,3,1
3 October 2022,"এখন এত বছর পর কার বিরুদ্ধে কী ব্যবস্থা নেওয়া হবে, এটা একটা জটিল বিষয়—ডেমু ট্রেন কিনে ৬০০ কোটি টাকা গচ্চা দেওয়ার জন্য দায়ীদের বিরুদ্ধে ব্যবস্থা প্রসঙ্গে রেলমন্ত্রী নূরুল ইসলামের এই বক্তব্য যৌক্তিক বলে আপনি কি মনে করেন?",5765,3,97,0
1 October 2022,"ভোজ্যতেলের দাম বাড়ায় ভ্যাটে ছাড় দিয়েছিল সরকার, এখন তা তুলে নেওয়া হয়েছে। সরকারের এই সিদ্ধান্ত ঠিক হয়েছে বলে আপনি কি মনে করেন?",3906,11,88,1
30 September 2022,গণভোটের পর ইউক্রেনের চার অঞ্চলকে রাশিয়া ফেডারেশনের সঙ্গে যুক্ত করার আনুষ্ঠানিক ঘোষণা দিয়েছেন রুশ প্রেসিডেন্ট ভ্লাদিমির পুতিন। তাৎক্ষণিক জবাবে যুক্তরাষ্ট্র ও যুক্তরাজ্য মস্কোর বিরুদ্ধে নতুন নিষেধাজ্ঞা আরোপ করেছে। দুই পক্ষের এমন পদক্ষেপে বিশ্বজুড়ে অর্থনীতিতে চাপ ও অস্থিরতা আরও বাড়বে বলে আপনি মনে করেন কি?,4234,95,4,1
29 September 2022,বর্তমান পুলিশ আগের চেয়ে অনেক বেশি গণমুখী—বিদায়ী আইজিপি বেনজীর আহমেদের এই বক্তব্যের সঙ্গে আপনি কি একমত?,8305,9,90,1
28 September 2022,বিএনপি ইচ্ছা করেই সংঘাতে জড়ানোর জন্য আওয়ামী লীগ ও পুলিশকে উসকানি দিচ্ছে– আওয়ামী লীগের সাধারণ সম্পাদক ওবায়দুল কাদেরের এই বক্তব্যের সঙ্গে আপনি কি একমত?,8747,16,83,1
27 September 2022,"ছাত্রদলের নেতাদের ওপর ছাত্রলীগের হামলা তদন্তে কমিটি করার কথা জানিয়ে ঢাকা বিশ্ববিদ্যালয়ের উপাচার্য মো. আখতারুজ্জামান বলেছেন, ‘কোথায় কী, তা আমরা এখনো জানি না।’ এ কথা বলে উপাচার্য দায়িত্ব এড়াতে পারেন বলে আপনি মনে করেন কি?",7448,4,95,1
26 September 2022,দেশে নৌ দুর্ঘটনায় প্রাণহানির পেছনে সরকারের নজরদারির ঘাটতি একটি বড় কারণ—বুয়েটের অ্যাকসিডেন্ট রিসার্চ ইনস্টিটিউটের সহকারী অধ্যাপক মো. ইমরান উদ্দিনের এ বক্তব্যের সঙ্গে আপনি কি একমত?,4704,93,6,1
25 September 2022,"ইউএনওরা নদী রক্ষায় যতটা না আগ্রহী, তার চেয়ে নদীর জমি ব্যক্তির নামে দিতে বেশি আগ্রহী—জাতীয় নদী রক্ষা কমিশনের চেয়ারম্যান মনজুর আহমেদ চৌধুরীর এই বক্তব্যের সঙ্গে আপনি একমত?",4734,95,4,1
24 September 2022,"বিএনপির সাম্প্রতিক কর্মসূচিগুলোতে জমায়েত বাড়ার কথা উল্লেখ করে দলটির সংসদ সদস্য রুমিন ফারহানা বলেছেন, বিএনপি প্রতিনিয়ত শক্তিশালী হচ্ছে। আপনি কি তাঁর এ বক্তব্যের সঙ্গে একমত?",6495,77,21,2
23 September 2022,"ছুটিতে থেকেও ওয়াসার এমডি তাকসিম এ খান জাপানে শিক্ষাসফরে যাবেন বলে সরকারি আদেশ হয়েছে। এ বিষয়ে ঢাকা ওয়াসার উপপ্রধান জনতথ্য কর্মকর্তা এ এম মোস্তফা তারেক বলেন, সরকারি নিয়মনীতি মেনেই সবকিছু করা হয়েছে, নিয়মের কোনো ব্যত্যয় হয়নি—আপনিও কি তা–ই মনে করেন?",6390,3,96,1
22 September 2022,কুড়িগ্রামে এসএসসি পরীক্ষার প্রশ্নপত্র ফাঁসের ঘটনায় কেন্দ্রসচিব ছাড়াও দায়িত্বে থাকা অন্যদের অবহেলা রয়েছে—ঢাকা শিক্ষা বোর্ডের সাবেক চেয়ারম্যান অধ্যাপক তাসলিমা বেগমের এই বক্তব্যের সঙ্গে আপনি কি একমত?,4048,97,2,1
21 September 2022,পুরুষ ও নারী খেলোয়াড়দের বেতনবৈষম্য দূর করার দাবি উঠেছে। আপনি কি তা সমর্থন করেন?,5440,79,19,2
20 September 2022,গুমের অভিযোগ পেলে যথাযথ তদন্ত সাপেক্ষে ভুক্তভোগীকে উদ্ধারে সরকার বদ্ধপরিকর—জাতিসংঘ মানবাধিকার পরিষদে দেওয়া সরকারের এ বক্তব্যে আপনি কি আস্থাশীল?,4351,8,91,1
19 September 2022,বন্ধের চার মাসের মাথায় সরকারি কর্মচারীদের দক্ষতা বৃদ্ধির জন্য সীমিত আকারে বিদেশ ভ্রমণের সুযোগ দিয়েছে সরকার—এখন এই শর্ত শিথিলের সময় হয়েছে বলে আপনি কি মনে করেন?,4974,6,93,1
18 September 2022,"কৃষিমন্ত্রী মো. আব্দুর রাজ্জাক বলেছেন, ডিমের দাম বেড়েছে, তবে এটি সাময়িক। শিগগিরই দাম কমে আসবে। দাম কমবে বলে আপনি কি মনে করেন?",5493,10,89,1
17 September 2022,"রাজধানীর পাইকপাড়ায় রাস্তা ও ফুটপাতে গণপূর্তের নির্মাণকাজের রড, সিমেন্ট ও অন্যান্য সামগ্রী পড়ে থাকতে দেখে সেগুলো নিলামে বিক্রি করেছে ঢাকা উত্তর সিটি করপোরেশন। এ ধরনের পদক্ষেপ নিলে সরকারি প্রতিষ্ঠানগুলোর গাফিলতি কমবে বলে কি আপনি মনে করেন?",3934,90,9,1
16 September 2022,"বিশ্ব স্বাস্থ্য সংস্থা বলছে, বাংলাদেশে করোনার সংক্রমণ বাড়ছে। সংস্থার পরিসংখ্যান অনুযায়ী এক সপ্তাহের ব্যবধানে সংক্রমণ ৪৭ শতাংশ বেড়েছে। এ অবস্থায় করোনাকালীন স্বাস্থ্যবিধি অনুসরণের ওপর নতুন করে জোর দেওয়া উচিত বলে আপনি মনে করেন কি?",3438,76,22,2
15 September 2022,পরীক্ষার ফলাফলের ভিত্তিতে সবকিছু বিবেচনা করায় বিদ্যালয়গুলোতে এখন ভয় ও প্রতিদ্বন্দ্বিতার সংস্কৃতি গড়ে উঠেছে—ঢাকা বিশ্ববিদ্যালয়ের শিক্ষা ও গবেষণা ইনস্টিটিউটের শিক্ষক মুহাম্মদ মাহবুব মোর্শেদের এ বক্তব্যের সঙ্গে আপনি কি একমত?,2160,95,4,1
14 September 2022,"কৃষিমন্ত্রী আব্দুর রাজ্জাক বলেছেন, বিএনপি যখন ক্ষমতায় ছিল, বাংলাদেশে তখন খাদ্যঘাটতি ছিল। আওয়ামী লীগ ক্ষমতায় এসে দেশকে খাদ্যে স্বয়ংসম্পূর্ণ করেছে। খাদ্যসামগ্রীসহ নিত্যপণ্যের উচ্চমূল্যের প্রেক্ষাপটে তাঁর এ বক্তব্য যৌক্তিক বলে আপনি মনে করেন কি?",6003,11,88,1
13 September 2022,"খাদ্যমন্ত্রী সাধন চন্দ্র মজুমদার বলেছেন, চালের বাজারে সিন্ডিকেট ভাঙতে গোয়েন্দা সংস্থা কাজ করছে, তবু সিন্ডিকেট ভাঙছে না। এ কথা বলে মন্ত্রী দায় এড়াতে পারেন বলে আপনি কি মনে করেন?",6794,2,98,0
12 September 2022,"বাংলাদেশ খুব ভালো দল, ছোট ছোট ভুলগুলো ঠিক করতে পারলেই সাফল্য আসবে—বিসিবি সভাপতি নাজমুল হাসানের এই বক্তব্যের সঙ্গে আপনি কি একমত?",7496,15,84,1
11 September 2022,ইলিশের দাম সাধারণ মানুষের নাগালের মধ্যে রাখতে মাছটি বিদেশে রপ্তানি স্থায়ীভাবে বন্ধ করা উচিত বলে আপনি কি মনে করেন?,11210,94,6,0
10 September 2022,"একটি বিসিএসে চার বছর সময় লাগা দুঃখজনক, বিসিএসের পরীক্ষাপদ্ধতি বদলে নিয়োগের সময় আরও কমিয়ে আনা উচিত, পিএসসির সাবেক সদস্য বুয়েটের সহ-উপাচার্য আবদুল জব্বার খানের এই বক্তব্যের সঙ্গে আপনি কি একমত?",4408,91,8,1
9 September 2022,"শিক্ষাবিদ ও ঢাকা বিশ্ববিদ্যালয়ের ইমেরিটাস অধ্যাপক সিরাজুল ইসলাম চৌধুরী বলেছেন, দেশে যে রাষ্ট্রীয় দৌরাত্ম্য ও ফ্যাসিবাদ বিরাজ করছে, তার কারণে মানুষ মুখ খুলতে অত্যন্ত ভয় পায়, কী বললে কী হবে, সেই আতঙ্কে থাকে। তাঁর এ বক্তব্য আপনি কি সমর্থন করেন?",6209,76,23,1
8 September 2022,"ঢাকা উত্তরের মেয়র আতিকুল ইসলাম বলেছেন, ব্যক্তিগত গাড়ি নিয়ে স্কুলে আসা যাবে না, স্কুলে যাতায়াতের জন্য সিটি করপোরেশনের ব্যবস্থাপনায় স্কুলবাস চালু করা হবে। আপনি কি তা সমর্থন করেন?",6560,83,16,1
7 September 2022,"দেশের রাজনৈতিক পরিমণ্ডলে যে সংকট রয়েছে, তা ইভিএম নিয়ে নয়, আরও মোটাদাগের সংকট—প্রধান নির্বাচন কমিশনার (সিইসি) কাজী হাবিবুল আউয়ালের এ বক্তব্যের সঙ্গে আপনি কি একমত?",4232,79,19,2
6 September 2022,"ঢাকার প্রথম মেট্রোরেলে ভ্রমণে সর্বনিম্ন ভাড়া ২০ টাকা, আর উত্তরা থেকে মতিঝিল স্টেশন পর্যন্ত ভাড়া ১০০ টাকা নির্ধারণ করা হয়েছে—সাধারণ মানুষের জন্য এই ভাড়া ঠিক আছে বলে আপনি কি মনে করেন?",6944,21,78,1
5 September 2022,"কোন শিক্ষাপ্রতিষ্ঠান কী নিয়মকানুন করল, কোন রাজনৈতিক দলের কী ব্যবস্থা হলো, সেটি শিক্ষাপ্রতিষ্ঠান ও রাজনৈতিক দলের বিষয়—বেসরকারি বিশ্ববিদ্যালয়ে ছাত্ররাজনীতি নিয়ে শিক্ষামন্ত্রী দীপু মনির এই বক্তব্যে আপনি কি সন্তুষ্ট?",3630,7,92,1
4 September 2022,"বাংলাদেশ সীমান্তের ভেতরে মিয়ানমারের গোলা পড়া, আকাশ থেকে গুলিবর্ষণ ও আকাশসীমা লঙ্ঘনের ঘটনায় গভীর উদ্বেগ প্রকাশ করেছে ঢাকা। এ নিয়ে ১৫ দিনে তিন দফায় মিয়ানমারের দূতকে তলব করা হলো। আপনি কি মনে করেন বাংলাদেশের এ উদ্বেগে মিয়ানমার ইতিবাচক সাড়া দেবে?",4175,2,97,1
3 September 2022,ড্যাপে উল্লেখ করা প্রস্তাবগুলো বাস্তবায়ন করার সক্ষমতা রাজধানী উন্নয়ন কর্তৃপক্ষের নেই বলে মনে করে পরিকল্পনাবিদদের সংগঠন বাংলাদেশ ইনস্টিটিউট অব প্ল্যানার্স (বিআইপি)। সংগঠনটির এ ধারণার সঙ্গে আপনি কি একমত?,2163,95,3,2
2 September 2022,"ছাত্রলীগ-যুবলীগের নেতা-কর্মীরা চাকরি পায় না বলে দুঃখ প্রকাশ করে পররাষ্ট্রমন্ত্রী এ কে আব্দুল মোমেন বলেছেন, তাঁর দলের ছেলেমেয়েরা সামান্য ব্যবসা করতে গেলে দুর্নাম হয়। চাকরিও তারা সহজে পায় না। এই বক্তব্যের সঙ্গে আপনি কি একমত?",5169,7,92,1
1 September 2022,"বিএনপির সংসদ সদস্য রুমিন ফারহানা বলেছেন, প্রধানমন্ত্রী স্পষ্ট নির্দেশনা দিয়েছিলেন, বিরোধী দলের কর্মসূচিতে বাধা দেওয়া হবে না। কিন্তু পুলিশ প্রশাসনের আচরণ আরেক রকম। প্রধানমন্ত্রী এক ধরনের আশ্বাস দিচ্ছেন। আর যুবলীগ, ছাত্রলীগের কর্মীরা বিরোধী দলের সঙ্গে অন্য রকম আচরণ করছেন। তাঁর এ বক্তব্যের সঙ্গে আপনি কি একমত?",5471,93,6,1
31 August 2022,"চীনের সঙ্গে চলমান উত্তেজনার মধ্যে তাইওয়ান সরকার জানিয়েছে, নিজেদের ভূখণ্ডের সুরক্ষা নিশ্চিত করার অধিকার তাদের রয়েছে। চীন যদি তাইওয়ানের ভূখণ্ডে হামলা চালায়, তবে তা প্রতিরোধ করা হবে। তাইওয়ানের এ ঘোষণায় যুক্তরাষ্ট্রের সঙ্গে চীনের সম্পর্ক আরও খারাপ হবে বলে আপনি কি মনে করেন?",3744,92,6,2
30 August 2022,হাসপাতালে সব সময় চিকিৎসক থাকেন না বলে ২৪ ঘণ্টাই হাসপাতালের ওষুধের দোকান খোলা রাখার যৌক্তিকতা নেই বলে মনে করেন ঢাকা দক্ষিণ সিটি করপোরেশনের মেয়র শেখ ফজলে নূর তাপস। আপনি কি তাঁর সঙ্গে একমত?,7283,3,97,0
29 August 2022,জ্বালানি তেলের দাম লিটারে ৫ টাকা কমিয়েছে সরকার। এটা নিত্যপণ্যের বাজারে স্বস্তি ফেরাতে কোনো ভূমিকা রাখবে বলে আপনি কি মনে করেন?,8298,2,97,1
28 August 2022,"গণতান্ত্রিক রাজনীতির স্বার্থে হামলা নয়, বিএনপিকে দেশের মানুষের কাছে জনপ্রিয়তার পরীক্ষায় অংশ নেওয়ার সুযোগ দেওয়া উচিত—রাষ্ট্রবিজ্ঞানের অধ্যাপক হারুন-অর-রশিদের এই বক্তব্যের সঙ্গে আপনি কি একমত?",5862,95,4,1
27 August 2022,"দেশে ভয়ের পরিবেশ তৈরি হয়েছে দাবি করে মানবাধিকারকর্মী নূর খান বলেছেন, সবাই এখন এমন সব বিষয় নিয়ে কথা বলেন যাতে কেউ বিরাগভাজন না হন। তাঁর এই বক্তব্যের সঙ্গে আপনি কি একমত?",5570,92,7,1
26 August 2022,রাজশাহী বিশ্ববিদ্যালয়ের মতিহার হলে ছাত্রলীগ নেতার নির্যাতনের শিকার অর্থনীতি বিভাগের ছাত্র সামছুল ইসলামের বাঁ কানের পর্দা ফেটে গেছে। এ ঘটনায় বিশ্ববিদ্যালয় প্রশাসন অভিযুক্ত নেতার বিরুদ্ধে যথাযথ পদক্ষেপ নেবে বলে মনে করেন কি?,5243,3,96,1
25 August 2022,"সিল মারামারির নির্বাচন চাই না, সে জন্যই ইভিএম চাই—আওয়ামী লীগের সাধারণ সম্পাদক ওবায়দুল কাদেরের এই বক্তব্যে আপনি কি সন্তুষ্ট?",6268,6,93,1
24 August 2022,বর্তমানে দেশে উচ্চবিত্ত ও উচ্চমধ্যবিত্ত ছাড়া সবাই কষ্টে আছে—ক্যাব সভাপতি গোলাম রহমানের এই বক্তব্যের সঙ্গে আপনি কি একমত?,8215,97,2,1
23 August 2022,বেশির ভাগ রাজনৈতিক দলের আপত্তি থাকলেও সর্বোচ্চ দেড় শ আসনে ইভিএমে ভোট করার সিদ্ধান্ত নিয়েছে নির্বাচন কমিশন। তারা রাজনৈতিক দলগুলোর আস্থা অর্জন করতে পারবে বলে আপনি কি মনে করেন?,7247,5,94,1
22 August 2022,"বিদ্যুৎ সাশ্রয়ে অফিস সময় এক ঘণ্টা কমানো হয়েছে, শিক্ষাপ্রতিষ্ঠানে ছুটি বাড়িয়ে করা হয়েছে দুই দিন। এগুলো করে সংকটের সুরাহা বলে আপনি মনে করেন কি?",8031,11,88,1
21 August 2022,"মেয়র আতিকুল ইসলাম বলেছেন, বিভিন্ন উন্নয়ন প্রকল্পে যাঁরা ভারী কাজ করবেন, বিশেষ করে যাঁরা ক্রেন চালাবেন তাঁদের মানসিক স্বাস্থ্য পরীক্ষা এমনকি ডোপ টেস্টও করাতে হবে। এটা দুর্ঘটনা রোধে ভূমিকা রাখবে বলে আপনি কি মনে করেন?",5115,88,11,1
20 August 2022,বাচ্চাদের নতুন হাঁটতে শেখার মতো করে টি-টোয়েন্টিতে বাংলাদেশকে এগোতে হবে—ক্রিকেটের এই ফরম্যাটের নতুন অধিনায়ক সাকিব আল হাসানের এ বক্তব্যের সঙ্গে আপনি কি একমত?,4733,40,58,2
19 August 2022,"বর্তমানে বাজারে পাইকারি ও খুচরা দামের যে তফাত, তা যৌক্তিক মূল্যবৃদ্ধির চেয়ে বেশি। ভোক্তার পক্ষে সরব হওয়ার মতো শক্তিশালী কোনো পক্ষও নেই বলে এমনটা হচ্ছে—সিপিডির গবেষণা পরিচালক খন্দকার গোলাম মোয়াজ্জেমের এই অভিমতের সঙ্গে আপনি কি একমত?",4843,99,1,0
18 August 2022,ভালো নম্বর–প্লেট দেওয়ার কথা বলে মোটরসাইকেলের চেয়ে রিকশার জন্য বেশি ফি নিতে চাইছে ঢাকা উত্তর সিটি করপোরেশন। আপনি কি তা সমর্থন করেন?,4662,5,94,1
17 August 2022,বাংলাদেশে গুম ও বিচারবহির্ভূত হত্যার অভিযোগের সুষ্ঠু ও নিরপেক্ষ তদন্তের আহ্বান জানিয়েছেন জাতিসংঘের মানবাধিকারবিষয়ক হাইকমিশনার মিশেল ব্যাশেলেত। তাঁর এ আহ্বানে সরকার সাড়া দেবে বলে আপনি কি মনে করেন?,5638,3,96,1
16 August 2022,ঢাকার উত্তরায় প্রাইভেট কারে বিআরটি প্রকল্পের গার্ডার পড়ে পাঁচজন নিহতের ঘটনায় দায়ী ব্যক্তিদের বিচার হবে বলে আপনি কি মনে করেন?,5658,4,95,1